No,formula,補気,理気,降気,補血,駆瘀血,利水,補腎,温,清,瀉下,鎮痛,健胃・整腸,鎮咳,安心鎮静,去痰,清頭目,止瀉,潤燥,発表,鎮痙,制吐・鎮嘔,解毒,解熱・消炎,止血
1.0,葛根湯,-1.3101048029999993,-1.2673349929999997,-1.5506285739999996,-1.352282336,-2.135495787,-1.3445932520000001,0.6873048500000003,1.0065715390000007,2.3281378139999998,-0.937572549,2.1021105009999936,-1.8560843130000004,3.4630138839999978,-1.6860959889999998,2.6037195919999974,-0.81109521,-2.1260795,6.070066129999999,10.162757670999996,9.175143962999998,1.9875161469999993,-0.73010777,6.439351896000001,-1.306498572
2.0,葛根湯加川芎辛夷,1.4494887789999988,1.492258589,-1.5506285739999996,1.4073112460000001,0.6240977950000006,-2.255735146,0.6873048500000003,3.7661651209999985,2.3281378139999998,-0.937572549,15.585921980000004,-2.7672262069999998,2.5518719899999978,1.0734975930000001,1.6925776979999982,-0.81109521,-2.1260795,6.070066129999999,10.162757670999996,9.175143962999998,1.076374253,-0.73010777,6.439351896000001,-1.306498572
3.0,乙字湯,1.2179836569999993,-1.2673349929999997,-1.5506285739999996,2.208136567,3.3364661229999983,-3.747257676000001,-1.436655059,0.5195447799999999,9.589120076,0.9739704580000001,6.570302587999997,-1.8737643950000005,-3.4646359480000006,2.9659523799999996,-4.323930240000001,-0.81109521,-0.7439954209999999,-3.4679182590000006,2.576819654999999,-0.16236626999999998,-3.247276774000001,3.115269669999999,7.759557428999997,-1.306498572
5.0,安中散,12.105158455000002,13.865556508,13.582262926999999,-1.352282336,12.997395714,-7.052827508000003,16.699969352,30.228641789,-5.0858866659999995,-0.937572549,39.41316679400003,41.311530179,-4.094323342000001,3.497168998,10.179273866999997,-0.81109521,41.349109250000005,-0.4641853489999998,-0.18831062800000017,14.340837836999999,30.022239137999996,-2.6535935230000005,-3.9117164030000016,-1.306498572
6.0,十味敗毒湯,0.20584303200000054,2.112463093999999,-1.5506285739999996,2.0275157509999997,1.2443023000000004,-2.659330020000001,-1.436655059,0.33892396399999997,-0.03456939499999957,-0.937572549,26.183236317,-2.6973797460000006,18.368525402,4.147618125,2.3763396089999977,-0.81109521,-4.049565253,-3.4679182590000006,20.612858284999998,3.068302509999999,-1.0475856559999999,7.288326749999999,19.746963411,-1.306498572
7.0,八味地黄丸,16.09531151,-1.2673349929999997,-1.5506285739999996,2.879959188,2.6946391189999988,2.4899808679999986,8.840935488,10.793141545,6.170296133999998,-0.937572549,8.154710107999996,-3.3952044090000015,2.0024222059999994,-2.0896908629999995,-6.473817481000001,-0.81109521,10.916382147999999,9.443470476000002,-1.6901770829999996,-2.312253511,-1.7454103189999997,-2.6535935230000005,3.648793571999997,2.9257429519999993
8.0,大柴胡湯,0.6070659579999995,-1.2673349929999997,1.3285894239999998,-1.352282336,0.5678342580000004,3.9290526839999975,-1.436655059,-0.6850948119999998,9.171839428999998,1.7657574959999998,4.067418801999997,5.325409308999997,-0.5356140729999996,2.355034681,2.8127871829999993,-0.81109521,1.6117838899999997,-3.4679182590000006,-3.192043538000001,0.0435258,1.8316323420000002,-0.2978142119999998,3.1345812339999983,-1.306498572
9.0,小柴胡湯,3.7960734459999976,-1.2673349929999997,1.6684350089999993,-1.352282336,-2.135495787,4.268898268999997,-1.436655059,-3.040874123000001,2.584603166000001,-0.937572549,1.8218316019999972,1.2796018739999993,1.9541187529999988,2.678824011,1.0948244609999984,-0.81109521,2.1212227369999996,-0.6027001009999995,-3.192043538000001,-0.16236626999999998,5.036696084999999,-2.6535935230000005,0.7550405190000009,-1.306498572
10.0,柴胡桂枝湯,4.241734726999997,-1.2673349929999997,1.3285894239999998,-1.352282336,-2.135495787,2.8458373089999967,0.6873048500000003,1.0065715390000007,1.30213051,-0.937572549,4.376910379999995,2.2712010879999975,1.6142731679999995,1.5263027119999995,0.7549788760000002,-0.81109521,2.9123477949999983,0.9954824789999994,-1.0680836289999998,1.7611194829999994,6.295033079999998,-0.73010777,1.5965277719999993,-1.306498572
11.0,柴胡桂枝乾姜湯,0.6109737199999994,-1.2673349929999997,-1.5506285739999996,-1.352282336,-2.135495787,-3.747257676000001,1.1646539470000001,3.700005676999999,2.2608138360000005,-0.937572549,2.422457244999999,2.955572397999999,13.056628489999998,7.538299668000001,-0.18435944599999918,-0.81109521,-0.7439954209999999,11.515084391,-0.5907345320000001,-0.16236626999999998,3.493603026,9.728100120999999,15.414253838999992,-1.306498572
12.0,柴胡加竜骨牡蛎湯,5.245540208999998,-1.2673349929999997,1.3285894239999998,-1.352282336,-2.135495787,5.608538668999995,11.389700839,-0.439565117,3.814509018,-0.937572549,1.0312093349999993,5.537062225999997,-0.5356140729999996,21.298222838,-1.3949083649999996,-0.81109521,1.5835677129999997,1.7489651089999991,-0.5907345320000001,-2.312253511,7.048515709999998,-2.6535935230000005,2.3924490069999975,-1.306498572
14.0,半夏瀉心湯,-1.044799507,-1.2673349929999997,1.6684350089999993,-1.352282336,-2.135495787,3.754577883999997,-1.436655059,1.5873067229999998,1.5759718370000007,-0.937572549,5.756842956999995,9.014427594999997,6.836059365999996,1.7318947529999995,5.976765073999998,-0.81109521,5.227867611999997,-0.8523438969999999,-3.192043538000001,0.09139349700000005,13.059533034,-2.6535935230000005,-0.2535908100000004,2.3378013269999993
15.0,黄連解毒湯,-6.0314659560000035,-1.2673349929999997,-1.5506285739999996,-1.352282336,-2.135495787,0.5550428790000008,-1.436655059,-3.040874123000001,13.011463647999998,-0.937572549,-5.355622124000003,6.704172524999999,-5.614523189000001,5.172621664,-6.473817481000001,8.826866930000001,9.745484505999999,-3.4679182590000006,-3.192043538000001,-2.312253511,7.242203152999999,-2.6535935230000005,11.181901000999996,8.149620325
16.0,半夏厚朴湯,-6.0314659560000035,5.126577047,12.958498757999998,-1.352282336,-2.135495787,1.5053629319999997,-1.436655059,-3.040874123000001,-2.253694821,-0.937572549,-2.394225174000001,8.923825584,11.094295261000001,-1.4513053879999995,10.235000969,-0.81109521,-4.049565253,-3.4679182590000006,3.2018685019999995,-2.312253511,2.478721820999999,-2.6535935230000005,-0.5215372730000001,-1.306498572
17.0,五苓散,-1.5939229239999997,-1.2673349929999997,-1.5506285739999996,-1.352282336,-2.135495787,8.055206241999999,0.40274817900000015,-1.2014708849999998,-2.8920802959999996,-0.937572549,-6.071897434000003,-0.45952783199999964,-5.614523189000001,-2.0896908629999995,-3.8756776870000014,-0.81109521,2.9278651129999997,8.687572565,1.2454994940000006,-2.312253511,-1.4078735359999996,-2.6535935230000005,0.8607509390000003,-1.306498572
18.0,桂枝加朮附湯,2.9715609869999966,-1.2673349929999997,-1.5506285739999996,-1.352282336,-2.135495787,4.702582763999997,1.5670778509999996,6.239503546999998,-5.0858866659999995,-0.937572549,6.920118477999997,1.1126202119999984,-1.2649448300000001,-1.2842766179999996,0.8758342960000007,-0.81109521,5.227152924999999,-0.4641853489999998,2.8117627899999986,2.557853368999999,1.9561472539999996,0.06662611600000032,-3.9117164030000016,-1.306498572
18.0,桂枝加苓朮附湯,2.9715609869999966,-1.2673349929999997,-1.5506285739999996,-1.352282336,-2.135495787,7.235772159999995,1.5670778509999996,6.239503546999998,-2.5526972699999995,-0.937572549,6.920118477999997,3.645809607999997,-1.2649448300000001,1.2489127780000004,0.8758342960000007,-0.81109521,5.227152924999999,-0.4641853489999998,2.8117627899999986,2.557853368999999,1.9561472539999996,0.06662611600000032,-3.9117164030000016,-1.306498572
19.0,小青竜湯,5.377779601999995,-1.2673349929999997,1.9756789029999988,-1.352282336,-2.135495787,-1.3268289130000004,1.1646539470000001,6.986132293999998,-5.0858866659999995,-0.937572549,17.126893848000005,2.780040989999997,28.072350478,-4.283497233,27.213056186000003,-0.81109521,-1.6937859419999997,7.941327298999999,3.2260822879999984,2.676589172999999,10.149948927,-0.2978142119999998,7.135816739999997,-1.306498572
20.0,防已黄耆湯,4.678726201999998,-1.2673349929999997,-1.5506285739999996,-1.352282336,-2.135495787,16.342325896,-1.436655059,-3.040874123000001,5.399383462,-0.937572549,7.033227665999998,-2.2930463219999995,-1.552975105,-1.6860959889999998,0.18587039700000035,-0.81109521,-1.4514254589999995,-3.4679182590000006,-0.5939037439999997,-0.4503965450000001,-1.0475856559999999,2.8610575969999994,-6.915449313000002,-1.306498572
21.0,小半夏加茯苓湯,-6.0314659560000035,-1.2673349929999997,1.9756789029999988,-1.352282336,-2.135495787,1.9997322289999995,-1.436655059,-3.040874123000001,-2.253694821,-0.937572549,-6.983132989000005,-1.5646249739999998,0.6058447030000007,-1.4513053879999995,-0.2534495889999987,-0.81109521,-4.049565253,-3.4679182590000006,-3.192043538000001,-2.312253511,2.9730911179999993,-2.6535935230000005,-6.915449313000002,-1.306498572
22.0,消風散,16.733040834,-1.2673349929999997,-1.5506285739999996,4.157960695,0.3821005630000004,12.645845404,6.144265458999998,-0.5232777730000002,28.052290659999997,14.195318952,19.391890802000002,2.6114155419999974,-4.094323342000001,5.665817743000001,-2.8322453760000004,-0.81109521,5.652727522999997,15.428211397999993,19.662949251000004,18.798393188999995,-3.247276774000001,36.33628367500001,52.52955233600001,1.6861481090000001
23.0,当帰芍薬散,2.866001898999997,2.112463093999999,-1.5506285739999996,4.545112101,3.7618986499999982,2.859725877999999,-1.436655059,5.576739952999998,-2.5526972699999995,-0.937572549,1.1082470279999979,-1.5576144200000002,-5.614523189000001,4.147086600000001,-3.473744063000001,-0.81109521,6.050018375999999,0.911372313,-0.19197012000000005,0.4079661280000003,-3.247276774000001,0.06662611600000032,-6.915449313000002,-1.306498572
23.0,当帰芍薬散加附子,-0.13407151900000008,2.112463093999999,-1.5506285739999996,4.545112101,3.7618986499999982,3.416077580999999,-1.436655059,9.133165073999999,-2.5526972699999995,-0.937572549,1.6645987309999992,-4.5576878380000005,-5.614523189000001,4.147086600000001,-6.473817481000001,-0.81109521,6.6063700789999995,0.911372313,-3.192043538000001,0.4079661280000003,-3.247276774000001,0.06662611600000032,-6.915449313000002,-1.306498572
24.0,加味逍遙散,1.941781088999998,-1.2673349929999997,-1.5506285739999996,1.165314014,4.702304558999999,4.241110328999999,-1.436655059,1.8325015379999998,13.643066869,-0.937572549,11.056778565,4.955891760999999,-1.552975105,7.587716943000001,0.18587039700000035,8.546337058000002,0.9043538520000003,-3.4679182590000006,4.461227969,1.9053827659999993,-1.0475856559999999,-0.2978142119999998,4.564566138999998,2.995801983
25.0,桂枝茯苓丸,-3.4301569500000015,-1.2673349929999997,-1.5506285739999996,-1.352282336,8.947579232999999,-4.859021138000001,1.1646539470000001,1.9162141940000001,2.3990673910000013,4.854354784,-0.26120446199999986,-2.295761858,-5.614523189000001,-2.0896908629999995,-6.473817481000001,-0.81109521,-1.6937859419999997,-0.8666092529999998,-0.5907345320000001,0.0435258,-0.645967768,-0.2978142119999998,6.768934712999998,-1.306498572
26.0,桂枝加竜骨牡蛎湯,-0.028512431000000615,-1.2673349929999997,-1.5506285739999996,-1.352282336,-2.135495787,-1.3595464779999995,12.768055523,2.683078425999999,-5.0858866659999995,-0.937572549,0.36361993899999795,-1.3930839089999998,-0.7705755329999999,17.697367285,-1.6298698249999997,-0.81109521,-1.3293456139999993,-0.4641853489999998,-0.18831062800000017,2.557853368999999,2.4505165510000007,0.06662611600000032,-3.9117164030000016,-1.306498572
27.0,麻黄湯,-3.0277330460000003,-1.2673349929999997,-1.5506285739999996,-1.352282336,-2.135495787,-0.9437028650000001,1.5670778509999996,-0.03714121299999999,-5.0858866659999995,-0.937572549,-0.7163612630000002,-4.087144324000001,7.283947746999998,-4.283497233,6.424653454999998,-0.81109521,-4.049565253,-0.4641853489999998,10.848303341999998,-0.4503965450000001,-0.24354386400000008,-2.6535935230000005,1.0157729240000002,-1.306498572
28.0,越婢加朮湯,-0.4339912939999999,-1.2673349929999997,-1.5506285739999996,-1.352282336,-2.135495787,0.7443382719999989,-1.436655059,-3.040874123000001,-0.17295769099999958,-0.937572549,7.548644524,-1.8911126979999997,4.132849281999998,3.226832985999998,6.273628407999997,-0.81109521,-1.0494918350000002,1.4450107159999994,5.205823991999998,-0.16236626999999998,-1.0475856559999999,-2.6535935230000005,3.395273773999995,-1.306498572
29.0,麦門冬湯,15.681040396,-1.2673349929999997,1.6684350089999993,-1.352282336,-2.135495787,-1.2363626809999997,-1.436655059,-3.040874123000001,-5.0858866659999995,-0.937572549,-2.543088398000001,4.653763282999997,7.124892225999999,-1.6860959889999998,6.265597933999999,-0.81109521,7.695075264,15.647186848999997,-3.192043538000001,-0.16236626999999998,2.3112276379999988,-2.6535935230000005,-6.915449313000002,-1.306498572
30.0,真武湯,-3.433326162000001,-1.2673349929999997,-1.5506285739999996,-1.352282336,-2.135495787,4.328987217999998,-1.436655059,2.8713303089999997,-2.5526972699999995,-0.937572549,-1.99909624,0.7345123710000003,-2.9204627740000006,-1.7503078369999996,-1.1816172719999996,-0.81109521,4.460778972999999,-3.4679182590000006,-0.5939037439999997,0.0435258,-0.5532163589999999,-0.2978142119999998,-6.915449313000002,-1.306498572
31.0,呉茱萸湯,-0.6928045119999997,8.700770047999999,8.417476466999998,-1.352282336,-2.135495787,8.608558562999999,-1.436655059,6.9272309179999985,-5.0858866659999995,-0.937572549,2.4578851899999967,7.910729051,-2.9204627740000006,-1.2842766179999996,6.188347974999998,-0.81109521,-1.710124424,-1.1284774299999998,-3.192043538000001,-2.312253511,11.754329511,-2.6535935230000005,-6.915449313000002,-1.306498572
32.0,人参湯,-0.5681080039999993,-1.2673349929999997,-1.5506285739999996,-1.352282336,-2.135495787,-4.454687714000001,-1.436655059,2.0290439769999997,-5.0858866659999995,-0.937572549,-0.20831919899999865,3.4423988179999983,2.0884582839999997,-4.283497233,3.827303785999998,-0.81109521,1.4137926989999998,-0.6027001009999995,-0.5939037439999997,0.3208098620000003,4.687859483999999,-2.6535935230000005,-6.915449313000002,-1.306498572
33.0,大黄牡丹皮湯,-6.0314659560000035,-1.2673349929999997,-1.5506285739999996,-1.352282336,14.485222919999998,14.733605874999995,-1.436655059,-3.040874123000001,12.601341286999999,31.359888458,-0.5766633689999994,-3.267791220000001,8.417459337999997,-4.283497233,7.5581650459999965,-0.81109521,-4.049565253,-3.4679182590000006,-3.192043538000001,-2.312253511,-3.247276774000001,11.378389004,23.737251921,-1.306498572
34.0,白虎加人参湯,7.8912903780000025,-1.2673349929999997,-1.5506285739999996,-1.352282336,-2.135495787,1.0227506910000013,-1.436655059,-3.040874123000001,9.716996589999999,-0.937572549,-1.632248167999999,6.8318791,-3.4646359480000006,10.519386023,-4.323930240000001,-0.81109521,9.873191081,25.257721330999996,-3.192043538000001,-0.16236626999999998,-1.2212615850000001,-2.6535935230000005,7.887433942999998,-1.306498572
35.0,四逆散,-2.3424352460000004,-1.2673349929999997,-1.5506285739999996,-1.352282336,-2.135495787,-7.052827508000003,-1.436655059,-0.32065448399999996,2.8108395920000007,-0.937572549,-2.2383331510000004,-2.8831816860000004,-3.752666223000001,-0.5944665229999997,-0.404264967,-0.81109521,-1.3293456139999993,-3.4679182590000006,-3.192043538000001,2.2698230939999995,-3.247276774000001,0.06662611600000032,-3.2264186030000013,-1.306498572
36.0,木防已湯,-0.5649387919999997,-1.2673349929999997,-1.5506285739999996,-1.352282336,-2.135495787,2.325483197999998,1.1646539470000001,-0.439565117,9.785245618000001,-0.937572549,6.963000824000001,-1.62435007,-5.614523189000001,1.2093243450000009,-6.473817481000001,-0.81109521,-1.1843470949999997,7.491430482999999,-0.5907345320000001,-2.312253511,2.2192503899999996,-2.6535935230000005,1.1786812709999994,-1.306498572
37.0,半夏白朮天麻湯,34.444197177000014,-1.2673349929999997,0.9428473560000004,-1.352282336,-2.135495787,10.055493073999997,-1.436655059,-3.040874123000001,1.4644691460000006,-0.937572549,12.280293092000003,26.896763030999995,1.9939643769999995,13.043200638,21.430927712999996,3.545454232,10.178122338999998,1.2398537640000005,-3.192043538000001,12.82063799,10.743775423,0.3669052920000003,-2.5588998710000013,-1.306498572
38.0,当帰四逆加呉茱萸生姜湯,2.440669986999996,6.871588691,6.588295110000001,1.165314014,0.3821005630000004,13.464770642,1.1646539470000001,12.572734228,-5.0858866659999995,-0.937572549,16.839718610000002,5.849046574,4.967488066999999,1.5873297039999994,12.247117458999998,-0.81109521,-1.6937859419999997,-0.8666092529999998,-0.5907345320000001,2.1934130409999995,9.692647034,-0.2978142119999998,8.744045351,-1.306498572
39.0,苓桂朮甘湯,-0.4295932519999994,-1.2673349929999997,-1.5506285739999996,-1.352282336,-2.135495787,-1.352176993,1.5670778509999996,-0.03714121299999999,-1.9833759449999997,-0.937572549,-2.7576805210000006,1.6135061909999981,-3.4646359480000006,-1.180986512,-1.7257904459999993,-0.81109521,-1.4514254589999995,-0.4641853489999998,2.409829165999999,-0.16236626999999998,-0.24354386400000008,-2.6535935230000005,-3.9117164030000016,-1.306498572
40.0,猪苓湯,1.3022818329999983,-1.2673349929999997,-1.5506285739999996,5.981465453,-2.135495787,12.487298156,-1.436655059,-3.040874123000001,-2.8920802959999996,-0.937572549,-3.1756926770000016,2.4366769249999987,1.7192246000000002,-2.0896908629999995,-6.473817481000001,-0.81109521,-0.25698836799999997,21.212148824,-3.192043538000001,-2.312253511,-3.247276774000001,-2.6535935230000005,6.638293095999998,6.027249217
41.0,補中益気湯,12.181043786000002,-1.2673349929999997,-1.5506285739999996,1.165314014,0.3821005630000004,4.5558855609999975,-1.436655059,-0.5232777730000002,3.0161244070000013,-0.937572549,7.092866576,3.679478891999998,0.7091475359999997,2.6880162319999994,2.849926661999998,-0.81109521,2.258977113999999,-0.15944930999999982,5.576893072999999,-0.4503965450000001,4.523005933999999,8.04772358,1.1865617600000005,-1.306498572
43.0,六君子湯,2.397845645999996,-1.2673349929999997,1.3285894239999998,-1.352282336,-2.135495787,5.035839044999997,-1.436655059,-3.040874123000001,-2.5526972699999995,-0.937572549,-0.9891799680000002,6.212668287999997,3.2467084149999996,0.3704613980000002,5.387487540999999,-0.81109521,2.258977113999999,-0.15944930999999982,-0.19197012000000005,-0.792053664,7.402223931999998,-2.6535935230000005,-6.915449313000002,-1.306498572
45.0,桂枝湯,-0.028512431000000615,-1.2673349929999997,-1.5506285739999996,-1.352282336,-2.135495787,-1.3595464779999995,1.5670778509999996,2.683078425999999,-5.0858866659999995,-0.937572549,0.36361993899999795,-1.3930839089999998,-0.7705755329999999,-1.2842766179999996,-1.6298698249999997,-0.81109521,-1.3293456139999993,-0.4641853489999998,-0.18831062800000017,2.557853368999999,2.4505165510000007,0.06662611600000032,-3.9117164030000016,-1.306498572
46.0,七物降下湯,7.519679062,2.112463093999999,-1.5506285739999996,7.927232293,4.1513721609999985,-2.7811971190000015,-1.436655059,5.966213463999998,11.684796715000001,-0.937572549,6.114592515999999,-0.9297859289999995,-5.614523189000001,9.620316109999997,-6.473817481000001,5.349996095,4.831745690999998,-3.4679182590000006,-3.192043538000001,8.024911523,2.913814530999999,4.3382565049999995,2.2382886729999982,1.6861481090000001
47.0,釣藤散,0.3449445880000005,-1.2673349929999997,0.9428473560000004,-1.352282336,-2.135495787,-0.16585408999999954,-1.436655059,-3.040874123000001,8.608876484,-0.937572549,24.595638944,3.2016562129999975,8.195408550999998,9.411265916999998,7.336114258999999,14.321796291,-1.710124424,6.7925036699999986,16.398403315000003,11.282447083,7.344926232999999,12.479297978,16.559008924999997,-1.306498572
48.0,十全大補湯,15.194872509,2.112463093999999,-1.5506285739999996,7.537758782,3.7618986499999982,2.010749044999999,1.1646539470000001,7.813608630999999,0.10056638499999992,-0.937572549,4.805039047999998,3.167596093999998,-3.752666223000001,3.8077035740000005,-2.013820720999999,-0.81109521,3.7695720099999974,1.998608905,2.007405261999999,1.9053827659999993,2.2192503899999996,3.973816177,-1.3214936259999999,1.6861481090000001
50.0,荊芥連翹湯,2.275307739999997,1.1225431540000002,-1.5506285739999996,4.933926024999999,2.0345918119999986,5.012451869999997,-1.436655059,2.7950010019999993,24.748308922999996,-0.937572549,35.51363716500003,14.880730682000001,-0.4666773760000003,16.705210122999993,2.3179995679999976,14.441714591,9.752612312999998,-3.4679182590000006,19.361423251000005,4.734090035999999,6.551722421999999,21.143690901999996,28.838920272,8.998861376999999
51.0,潤腸湯,0.7183719179999997,-1.2673349929999997,2.196198966999999,5.397555538,8.934275440999997,-0.4900913649999997,-1.436655059,-0.5232777730000002,9.876122886,14.410692856,1.4399264049999974,7.385718334999998,3.857910995,-1.7659008829999998,7.206312250999998,-0.81109521,-1.3505787869999997,3.328172268,0.6717061390000001,-0.4503965450000001,-3.247276774000001,-2.6535935230000005,8.567953554999997,2.9257429519999993
52.0,薏苡仁湯,10.470274595999998,-1.2673349929999997,-1.5506285739999996,1.5547875250000003,0.7715740740000008,3.940534176999999,1.1646539470000001,4.8232840549999985,-5.0858866659999995,-0.937572549,14.905247074999997,-1.48949481,0.942644489000001,-1.3764273719999995,3.0834236149999996,-0.81109521,1.3062874760000007,-0.8666092529999998,6.816619322999999,2.1934130409999995,-0.645967768,7.695474055,8.086428397,-1.306498572
53.0,疎経活血湯,3.348594478999997,1.492258589,-1.5506285739999996,5.906405841000001,15.007347047,39.318774783,6.161896517,3.9248507199999985,14.841951103,3.7915163149999995,40.30776821000001,10.844258401,-0.021892980999999978,7.719015604,10.526977723,9.139002406,0.2223294540000001,-3.4679182590000006,25.797669902000003,5.218824958999999,0.825153587,4.893003969,14.067579123999998,1.1369872109999999
54.0,抑肝散,5.199149778999997,2.112463093999999,-1.5506285739999996,4.545112101,3.7618986499999982,-1.519564694,-1.436655059,2.856520313999999,7.397396005,-0.937572549,10.199977629999998,-1.5576144200000002,-3.752666223000001,14.097179875,-1.6118870969999999,-0.81109521,-1.0494918350000002,-3.4679182590000006,-0.19197012000000005,7.16654885,-3.247276774000001,-2.6535935230000005,-4.582301433000001,-1.306498572
55.0,麻杏甘石湯,-6.0314659560000035,-1.2673349929999997,-1.5506285739999996,-1.352282336,-2.135495787,-1.588660314000001,-1.436655059,-3.040874123000001,0.4069349120000008,-0.937572549,1.5405487899999966,-7.0908772340000015,6.406811682999998,1.2093243450000009,5.5475173909999995,-0.81109521,-4.049565253,2.0249033189999994,6.679404092999998,-0.16236626999999998,-3.247276774000001,-2.6535935230000005,2.984652701999996,-1.306498572
56.0,五淋散,-0.5212229249999998,-1.2673349929999997,-1.5506285739999996,4.157960695,0.3821005630000004,29.509774035999996,-1.436655059,1.4002079799999996,8.617141123,-0.937572549,4.1816504049999965,-0.6827966810000006,4.635485579,5.638910393000001,3.776191286999998,3.4912053450000005,12.589012611999998,7.941604021,-3.192043538000001,2.2442956149999995,-3.247276774000001,-0.73010777,25.744711306000003,5.988448664
57.0,温清飲,2.8585751619999957,2.112463093999999,-1.5506285739999996,7.537758782,3.7618986499999982,-0.9895350879999998,-1.436655059,5.212299624999998,13.769051630999998,-0.937572549,2.207070892999996,5.045512805999998,-5.614523189000001,9.803136390999999,-6.473817481000001,8.250467951000001,10.442604097999999,-3.4679182590000006,-3.192043538000001,0.0435258,6.551722421999999,-0.2978142119999998,11.939488983999997,9.875387296
58.0,清上防風湯,-2.9461465360000005,1.8179844269999992,-1.5506285739999996,1.733037084,0.9498236330000005,8.523381190999999,-1.436655059,0.04444529700000012,14.416511855999998,-0.937572549,33.55460938000004,7.601403036999999,0.5889474619999993,15.788184117999997,2.7049432249999983,9.054154754,2.612293249999999,-3.4679182590000006,20.190384494000007,4.191644725999999,0.397023125,23.121807053999998,22.100411822999998,7.147919577999999
59.0,治頭瘡一方,-0.05352807499999995,2.112463093999999,-1.5506285739999996,2.0275157509999997,11.911024843999996,19.166295144,-1.436655059,0.33892396399999997,-3.1743436589999994,0.9739704580000001,25.412720663000005,-2.5811944329999994,-4.094323342000001,-0.9036991459999999,-2.35547784,-0.81109521,-1.4514254589999995,5.287261277999999,8.675305755999998,3.665501687999999,-3.247276774000001,25.779043483,27.886286052,-1.306498572
60.0,桂枝加芍薬湯,-0.028512431000000615,-1.2673349929999997,-1.5506285739999996,-1.352282336,-2.135495787,-1.8539157749999997,1.5670778509999996,3.294433838999999,-5.0858866659999995,-0.937572549,0.9749753519999966,-1.887453206,-1.2649448300000001,-1.2842766179999996,-2.1242391219999996,-0.81109521,-0.7179902010000001,-0.4641853489999998,-0.18831062800000017,3.1692087819999992,1.9561472539999996,0.677981529,-3.9117164030000016,-1.306498572
61.0,桃核承気湯,-3.0277330460000003,-1.2673349929999997,-1.5506285739999996,-1.352282336,10.024155235999999,-1.5696027230000003,1.5670778509999996,-0.03714121299999999,5.079643108,16.705303258999997,-0.9615456009999992,0.5951606650000008,-3.752666223000001,-4.283497233,-4.611960515000002,-0.81109521,-4.049565253,-0.4641853489999998,-0.18831062800000017,-0.4503965450000001,-0.24354386400000008,-2.6535935230000005,8.247934619999999,-1.306498572
62.0,防風通聖散,1.9142445699999975,0.8702370050000003,-1.5506285739999996,2.377557401,4.905233558999998,22.220433322999995,-1.436655059,2.1788912719999995,17.086370637999998,7.209066781,33.07591895400004,9.877309415999997,4.342996159999999,5.2353546710000005,7.699572656999999,8.059071811,4.355217659999997,6.605491623,13.483253275999997,4.7803669169999985,-2.0424563289999997,13.664420251,29.006402132,2.026049107999999
63.0,五積散,3.5750867489999973,0.6839923430000003,3.134693159999999,2.654653812,1.8714403609999994,3.071763682999998,0.06521139600000003,3.8280382989999993,-0.3193612109999996,-0.937572549,17.224419429000005,9.531150004,10.862687509999997,8.410359665999998,15.576823066999996,-0.81109521,-0.09131564000000003,-1.966051804,8.507677972999998,0.5680561550000003,5.396592623,7.064551867,-3.209942639000001,-1.306498572
64.0,炙甘草湯,16.289653686,-1.2673349929999997,-1.5506285739999996,8.867939183,-2.135495787,-2.255735146,1.1646539470000001,-0.439565117,-0.8536451420000004,7.385904469,3.310313151999998,6.563321043,9.243181011999999,-1.6860959889999998,2.395906724999998,-0.81109521,-1.1843470949999997,20.347035632999997,-0.5907345320000001,0.3208098620000003,4.418941508,-2.6535935230000005,-0.08189878300000103,8.913722947
65.0,帰脾湯,36.523125179000004,6.349610402,-1.5506285739999996,0.7033264760000002,-0.07988697499999975,8.896435730999999,7.3390690329999995,-0.985265311,-2.8920802959999996,-0.937572549,0.3505035549999989,12.948149933999998,-1.8946322239999998,28.164685598,11.185163702999997,-0.81109521,11.595964426999998,-0.6027001009999995,-3.192043538000001,-0.792053664,1.817632502,1.6180368660000009,-6.915449313000002,-1.306498572
66.0,参蘇飲,-2.1688107340000005,3.253843568999999,20.596917419,-1.352282336,-2.135495787,1.0265113310000007,-1.436655059,-3.040874123000001,5.325716745,-0.937572549,14.662611595,9.087226700999997,26.703881159999998,-0.25305082999999995,28.819876922999995,-0.81109521,-2.0235500639999997,3.8006039159999983,6.57164201,4.450453321999999,5.734028103999999,1.5352512269999998,17.981127735999998,-1.306498572
67.0,女神散,6.927469013,28.123132044,16.843094980999997,4.545112101,3.7618986499999982,10.625992396,0.6873048500000003,15.70469812,1.257399699,-0.937572549,11.286583331,43.04883651000001,-4.094323342000001,11.270227014,10.026215804,-0.81109521,14.848247129999999,0.9954824789999994,1.5300561650000004,-0.792053664,4.860423862999999,-2.6535935230000005,1.551796960999999,2.3378013269999993
68.0,芍薬甘草湯,-6.0314659560000035,-1.2673349929999997,-1.5506285739999996,-1.352282336,-2.135495787,-7.052827508000003,-1.436655059,0.29070092900000005,-5.0858866659999995,-0.937572549,-3.4541514820000017,-7.0908772340000015,-1.8908092570000001,-4.283497233,-2.7501035490000008,-0.81109521,-0.7179902010000001,-3.4679182590000006,-3.192043538000001,4.743035472999999,-3.247276774000001,0.677981529,-6.915449313000002,-1.306498572
69.0,茯苓飲,-0.16617437999999946,-1.2673349929999997,-1.5506285739999996,-1.352282336,-2.135495787,0.9791288730000003,-1.436655059,-3.040874123000001,1.3902764150000009,-0.937572549,-7.509367048000001,11.009863670999998,0.14476305900000064,-1.4513053879999995,5.929513420999998,-0.81109521,1.8157263229999998,-0.6027001009999995,-0.19197012000000005,-2.312253511,5.377227631999999,-2.6535935230000005,-6.915449313000002,-1.306498572
70.0,香蘇散,-6.0314659560000035,12.068671220999999,11.78537764,-1.352282336,-2.135495787,-4.853136390000001,-1.436655059,-3.040874123000001,-5.0858866659999995,-0.937572549,-1.7054893259999995,11.351217350999997,7.747334187999998,2.6585969409999985,6.888039895999999,-0.81109521,-4.049565253,-3.4679182590000006,3.2018685019999995,-0.4503965450000001,1.8588115969999999,-2.6535935230000005,-0.5215372730000001,-1.306498572
71.0,四物湯,2.8585751619999957,2.112463093999999,-1.5506285739999996,7.537758782,3.7618986499999982,-7.052827508000003,-1.436655059,5.212299624999998,-2.093239985,-0.937572549,-2.2562667180000004,-7.0908772340000015,-5.614523189000001,1.613897204,-6.473817481000001,-0.81109521,-1.6937859419999997,-3.4679182590000006,-3.192043538000001,0.0435258,-3.247276774000001,-0.2978142119999998,-3.9228026320000016,1.6861481090000001
72.0,甘麦大棗湯,-2.35818589,-1.2673349929999997,-1.5506285739999996,-1.352282336,-2.135495787,11.753344059,-1.436655059,-3.040874123000001,10.047004835,-0.937572549,-3.436890203000002,-7.0908772340000015,-2.2152529920000004,14.522674333999998,-3.074547284000001,-0.81109521,-4.049565253,11.664973241999999,-3.192043538000001,1.0870166860000001,-3.247276774000001,-2.6535935230000005,8.217442187999998,-1.306498572
73.0,柴陥湯,2.5944068269999967,-1.2673349929999997,1.6684350089999993,-1.352282336,-2.135495787,4.268898268999997,-1.436655059,-3.040874123000001,6.372051486999999,-0.937572549,5.321249647999995,5.217162155999998,16.798979979,6.466272332,15.939685686999997,-0.81109521,6.058783018999996,-1.1284774299999998,-3.192043538000001,-0.4503965450000001,8.974256367,-2.6535935230000005,19.675380340999997,3.156839038999999
74.0,調胃承気湯,-6.0314659560000035,-1.2673349929999997,-1.5506285739999996,-1.352282336,1.6875902269999998,-2.9658730560000013,-1.436655059,-3.040874123000001,2.8241537999999995,6.9724679169999995,-5.166154605000004,-3.267791220000001,-4.094323342000001,-4.283497233,-4.953617634000001,-0.81109521,-4.049565253,-3.4679182590000006,-3.192043538000001,-0.792053664,-3.247276774000001,-2.6535935230000005,-3.0923632990000023,-1.306498572
75.0,四君子湯,1.776686718999999,-1.2673349929999997,-1.5506285739999996,-1.352282336,-2.135495787,2.1797367319999985,-1.436655059,-3.040874123000001,-2.5526972699999995,-0.937572549,-4.489556893000002,3.9505456469999976,-1.8946322239999998,-0.25069752899999986,0.2461469020000004,-0.81109521,2.258977113999999,-0.15944930999999982,-0.19197012000000005,-0.792053664,2.260883292999999,-2.6535935230000005,-6.915449313000002,-1.306498572
76.0,竜胆瀉肝湯,1.082227208999998,-1.2673349929999997,-1.5506285739999996,5.761410829,1.1147071250000005,27.640680107999998,-1.436655059,0.2093287889999998,13.249579999999998,-0.937572549,1.8779076879999979,4.338913281999997,3.522622052999999,2.0088915759999995,2.663327760999999,10.355311370999999,10.665526858999998,0.32465862599999973,-3.192043538000001,-0.792053664,-3.247276774000001,-2.6535935230000005,27.848971670999997,5.599177578
77.0,芎帰膠艾湯,11.452640033999998,2.112463093999999,-1.5506285739999996,16.131823654,4.1513721609999985,-7.052827508000003,-1.436655059,21.099104965,-1.2223964130000002,-0.937572549,8.464458282999999,0.24287055499999893,4.352287972999999,2.003370714999999,-3.8407541080000023,-0.81109521,13.803545887,3.8658295299999996,-3.192043538000001,3.0410295009999997,-3.247276774000001,0.06662611600000032,-3.0519590600000015,25.023630971
78.0,麻杏薏甘湯,2.905302007999997,-1.2673349929999997,-1.5506285739999996,-1.352282336,-2.135495787,6.6160480569999995,-1.436655059,-3.040874123000001,-5.0858866659999995,-0.937572549,4.984495175999998,-7.0908772340000015,5.6747520899999975,-4.283497233,4.815457797999995,-0.81109521,-4.049565253,-3.4679182590000006,5.947344499999998,-0.16236626999999998,-3.247276774000001,6.283174441,6.4285990879999995,-1.306498572
79.0,平胃散,-0.9106233030000004,-1.2673349929999997,3.038279240999999,-1.352282336,-2.135495787,-0.3765683490000008,-1.436655059,-3.040874123000001,-5.0858866659999995,-0.937572549,0.7205098489999986,5.613115634999997,5.609596108999999,-2.162727998,7.750375234999998,-0.81109521,-1.0494918350000002,-3.4679182590000006,-0.19197012000000005,-0.792053664,1.8677348619999998,-2.6535935230000005,-6.915449313000002,-1.306498572
80.0,柴胡清肝湯,2.5878902849999967,1.1225431540000002,-1.5506285739999996,4.933926024999999,2.0345918119999986,5.012451869999997,-1.436655059,2.7950010019999993,21.416920231999995,-0.937572549,29.734127874,11.236759445999999,8.630159279999997,10.408977432999999,-0.9843145490000003,14.441714591,9.752612312999998,15.215732471999997,12.927674296,1.215390981,6.551722421999999,27.325477657999997,38.08174863400002,8.998861376999999
81.0,二陳湯,-6.0314659560000035,-1.2673349929999997,1.6684350089999993,-1.352282336,-2.135495787,1.1981190380000004,-1.436655059,-3.040874123000001,-2.253694821,-0.937572549,-5.770177036000003,2.0512721419999984,5.434697771999997,-1.4513053879999995,4.575403479999997,-0.81109521,-4.049565253,-3.4679182590000006,-3.192043538000001,-0.792053664,6.2817443399999995,-2.6535935230000005,-6.915449313000002,-1.306498572
82.0,桂枝人参湯,2.4356249059999975,-1.2673349929999997,-1.5506285739999996,-1.352282336,-2.135495787,-4.454687714000001,1.5670778509999996,2.8899773669999993,-5.0858866659999995,-0.937572549,0.6526141909999996,4.303332208,-0.05434123599999979,-4.283497233,1.6845042659999994,-0.81109521,1.4137926989999998,2.4010328089999997,2.409829165999999,0.3208098620000003,5.548792873999998,-2.6535935230000005,-3.9117164030000016,-1.306498572
83.0,抑肝散加陳皮半夏,5.199149778999997,2.112463093999999,1.6684350089999993,4.545112101,3.7618986499999982,1.6994988889999998,-1.436655059,2.856520313999999,7.397396005,-0.937572549,13.419041212999995,2.001980709999999,3.0259924899999993,14.097179875,5.166771615999998,-0.81109521,-1.0494918350000002,-3.4679182590000006,-0.19197012000000005,7.16654885,3.5313819389999996,-2.6535935230000005,-4.582301433000001,-1.306498572
84.0,大黄甘草湯,-6.0314659560000035,-1.2673349929999997,-1.5506285739999996,-1.352282336,3.2711643039999982,-7.052827508000003,-1.436655059,-3.040874123000001,0.3207734250000007,4.469087542,-2.9528931340000018,-1.6842171430000004,-3.4646359480000006,-4.283497233,-4.323930240000001,-0.81109521,-4.049565253,-3.4679182590000006,-3.192043538000001,-0.16236626999999998,-3.247276774000001,-2.6535935230000005,-1.5087892219999999,-1.306498572
85.0,神秘湯,-3.698318076000002,4.269955262999999,8.575569496999998,-1.352282336,-2.135495787,-1.588660314000001,-1.436655059,-3.040874123000001,-2.7527387859999997,-0.937572549,3.4899917969999947,6.284771750999997,20.302669557999995,-1.9503493529999993,19.443375265999997,-0.81109521,-4.049565253,-3.4679182590000006,12.736903238999998,-0.16236626999999998,0.002174139999999658,-2.6535935230000005,5.882478149999998,-1.306498572
86.0,当帰飲子,22.207536092999995,2.112463093999999,-1.5506285739999996,23.866220898,19.627396713,11.100562808,28.829127942999996,5.944906186999998,-1.6302759320000006,14.195318952,11.348956487999999,-7.0908772340000015,-4.094323342000001,17.479395266999997,-4.953617634000001,-0.81109521,-1.6937859419999997,-3.4679182590000006,8.160373258999996,7.023093703999999,-3.247276774000001,23.748624844,23.025469718999997,2.1491121619999993
87.0,六味丸,14.224693784,-1.2673349929999997,-1.5506285739999996,2.511207917,3.1556518999999996,-1.066444253,7.339069032999999,5.734849968999999,6.262557644,-0.937572549,3.5574313129999977,-4.897070864000002,2.0024222059999994,-2.0896908629999995,-6.473817481000001,-0.81109521,7.359957026999998,7.941604021,-3.192043538000001,-2.312253511,-3.247276774000001,-2.6535935230000005,2.239188626999999,2.5569916809999995
88.0,二朮湯,1.280160671999999,4.2208723379999995,21.949688255999998,-1.352282336,-2.135495787,22.347126767,-1.436655059,-3.040874123000001,-0.06566600299999993,-0.937572549,33.81190070700001,16.178319419999998,19.366928188999996,3.207372157,37.808458393,-0.81109521,6.279619978999998,-3.4679182590000006,26.528185625,14.340837836999999,5.081083255999999,-2.6535935230000005,-3.8978907090000017,-1.306498572
89.0,治打撲一方,15.082532637999998,2.112463093999999,-1.5506285739999996,2.0275157509999997,19.080523846,-7.052827508000003,1.1646539470000001,13.664450867,-2.382556621,1.7657574959999998,0.03685363800000141,8.937979714,-3.752666223000001,-0.9036991459999999,-4.611960515000002,-0.81109521,-4.049565253,-0.8666092529999998,-0.5907345320000001,-0.4503965450000001,-0.645967768,-2.6535935230000005,-1.6108102619999998,13.826392928999999
90.0,清肺湯,17.839884977,-1.2673349929999997,8.040974789000002,1.165314014,0.3821005630000004,30.028830369000005,8.674096034000002,-0.5232777730000002,24.425027985,-0.937572549,-0.1620302840000001,2.9080039729999974,58.204769427000016,6.850975277000001,47.75387177200001,3.4912053450000005,-1.3505787869999997,15.765067089000002,0.6717061390000001,-0.792053664,1.8588115969999999,12.259469123999999,19.269044434,12.587405346
91.0,竹筎温胆湯,2.5172491349999975,3.6414668729999997,6.577236875,-1.352282336,-2.135495787,0.5597335630000007,-1.436655059,-3.040874123000001,19.564693078999994,-0.937572549,9.829280380000004,14.624049295000003,24.203910104,9.320921803000001,15.805044332999996,-0.81109521,1.2489691210000005,2.223285931,-3.192043538000001,-0.792053664,10.376409554,1.5352512269999998,11.333628513999997,14.085068354
92.0,滋陰至宝湯,20.291244164,4.7446949179999995,4.461401337,1.165314014,0.3821005630000004,6.559660963999998,-1.436655059,1.8325015379999998,33.74736321700001,-0.937572549,14.972173694000002,14.893052017000004,25.973726427,15.552762274,18.530531234999998,4.244036503,3.469580184999999,6.824367430999999,1.8630881750000003,1.5637256470000003,0.3123183559999999,10.426403685,13.944644589999998,-1.306498572
93.0,滋陰降火湯,16.586210183000002,-1.2673349929999997,-1.5506285739999996,3.677858341,0.16274473300000025,11.272652003,9.867508314,1.4078888459999999,7.404851419999999,-0.937572549,-1.6006807369999998,4.092375058999998,14.486180358999999,2.4379196309999993,16.225025861,4.524566375,6.034758574999998,15.944653753,-0.5939037439999997,1.7001259039999999,5.337835724999999,-0.503071074,5.575288772999999,1.4254015850000001
95.0,五虎湯,-6.0314659560000035,-1.2673349929999997,10.196638453,-1.352282336,-2.135495787,10.158606712999998,-1.436655059,-3.040874123000001,0.4069349120000008,-0.937572549,1.5405487899999966,-7.0908772340000015,18.154078709999997,1.2093243450000009,17.294784418,-0.81109521,-4.049565253,2.0249033189999994,6.679404092999998,-0.16236626999999998,-3.247276774000001,-2.6535935230000005,14.731919728999996,-1.306498572
96.0,柴朴湯,3.7960734459999976,5.126577047,12.651254863999998,-1.352282336,-2.135495787,7.101090113999995,-1.436655059,-3.040874123000001,5.4167950110000005,-0.937572549,6.410739416999997,15.094613574000002,12.936938607999997,5.511015856000001,12.077644315999997,-0.81109521,2.1212227369999996,-0.6027001009999995,3.2018685019999995,-0.16236626999999998,5.036696084999999,-2.6535935230000005,7.148952558999999,-1.306498572
97.0,大防風湯,28.103687563000005,1.492258589,-1.5506285739999996,6.917554277,10.740245720999997,24.806487267999998,21.294788018,12.548758339,-2.093239985,-0.937572549,47.892757150000016,2.6600874469999978,1.3741434750000001,2.8303327319999982,3.112988976999999,-0.81109521,7.959913679999998,-1.4419030699999997,13.190581539999998,7.364750823,3.905548112999999,3.973816177,1.5365654249999992,1.6861481090000001
98.0,黄耆建中湯,13.679665571000001,-1.2673349929999997,-1.5506285739999996,-1.352282336,-2.135495787,3.078538134999999,1.5670778509999996,12.070157930999999,-5.0858866659999995,-0.937572549,9.750699443999997,6.888270886,-1.2649448300000001,-1.2842766179999996,-2.1242391219999996,-0.81109521,-0.7179902010000001,-0.4641853489999998,-0.18831062800000017,3.1692087819999992,1.9561472539999996,5.610435439,-3.9117164030000016,-1.306498572
99.0,小建中湯,8.747211661000001,-1.2673349929999997,-1.5506285739999996,-1.352282336,-2.135495787,-2.4981903869999997,1.5670778509999996,12.070157930999999,-5.0858866659999995,-0.937572549,9.750699443999997,6.243996274,-1.9092194420000002,-1.2842766179999996,-2.768513734000001,-0.81109521,-0.7179902010000001,-0.4641853489999998,-0.18831062800000017,3.1692087819999992,1.311872642,0.677981529,-3.9117164030000016,-1.306498572
100.0,大建中湯,5.6094762939999985,-1.2673349929999997,-1.5506285739999996,-1.352282336,-2.135495787,-7.052827508000003,-1.436655059,23.744497122000002,-5.0858866659999995,-0.937572549,4.811519747999998,22.559712168999997,0.9307129330000006,-4.283497233,0.071418641000001,-0.81109521,10.280063936,-0.6027001009999995,-3.192043538000001,-2.312253511,6.1631775059999985,-2.6535935230000005,-6.915449313000002,-1.306498572
101.0,升麻葛根湯,-6.0314659560000035,-1.2673349929999997,-1.5506285739999996,-1.352282336,-2.135495787,-4.853136390000001,-1.436655059,-0.6850948119999998,11.361649263999999,-0.937572549,1.866600378999997,-4.891186116000002,-1.552975105,-4.283497233,-2.4122693970000006,-0.81109521,-1.6937859419999997,4.821213102999998,13.255492391999997,10.194514127999998,-1.0475856559999999,7.860590355999999,9.532086617,-1.306498572
102.0,当帰湯,5.705762934999997,-1.2673349929999997,6.257342823999999,1.897920576,1.1147071250000005,-0.8132651099999999,1.1646539470000001,18.679861768,-5.0858866659999995,-0.937572549,10.610995476,16.478002407,7.298621523999999,-1.033294321,6.439327231999997,-0.81109521,11.09990341,1.998608905,-0.5907345320000001,1.5637256470000003,9.023287441,2.722684603,-4.3141403070000015,-1.306498572
103.0,酸棗仁湯,9.358165095999999,2.112463093999999,-1.5506285739999996,2.0275157509999997,1.2443023000000004,2.034680311999999,-1.436655059,0.33892396399999997,4.0016211539999995,-0.937572549,-5.609442532000004,-4.258685389000001,-4.094323342000001,20.193641639,-4.953617634000001,-0.81109521,-4.049565253,2.7873977159999996,-3.192043538000001,-0.792053664,-3.247276774000001,-2.6535935230000005,-0.6601333380000003,-1.306498572
104.0,辛夷清肺湯,14.313131038000003,-1.2673349929999997,13.582262926999999,-1.352282336,-2.135495787,7.777278838999999,-1.436655059,-3.040874123000001,34.529985759999995,-0.937572549,9.867652009,11.347584098999997,29.862965305999996,26.257942168,13.870779512999997,4.45812533,-0.7439954209999999,42.148897596,2.576819654999999,-2.312253511,11.885614727,3.115269669999999,17.567531611999993,3.9627219679999994
105.0,通導散,-3.5138696060000014,-1.2673349929999997,2.196198966999999,1.165314014,32.57899069700002,6.2748271399999975,-1.436655059,-0.5232777730000002,12.504222721999998,11.499183296,30.101760799999997,9.398006091999997,3.188588845999999,-1.7659008829999998,7.482648096999997,-0.81109521,-4.049565253,8.913775385000001,-3.192043538000001,-0.16236626999999998,-0.3408795210000002,12.479297977999998,18.472950968999992,13.826392928999999
106.0,温経湯,14.358595813,7.247346717999999,7.0836775529999985,9.912887591,7.461898140999997,3.781169736999998,0.6873048500000003,12.038849599999999,-0.7656826699999992,-0.937572549,19.907572487,11.315282745999998,12.263744266999998,0.9936926990000001,11.171558108999996,-0.81109521,0.2133613290000001,11.644953577999999,-1.0680836289999998,1.7611194829999994,12.050121208999997,-0.73010777,-0.4712854079999999,4.681481422999999
107.0,牛車腎気丸,15.726560238999998,-1.2673349929999997,-1.5506285739999996,2.511207917,13.901626589,22.326020470000003,19.586910177,12.266261063,6.262557644,-0.937572549,28.451762491,-3.3952044090000015,9.619367600999999,-2.0896908629999995,1.1431279140000001,-0.81109521,20.006447061000003,9.443470476000002,-1.6901770829999996,-2.312253511,-1.7454103189999997,-2.6535935230000005,11.358000477,2.5569916809999995
108.0,人参養栄湯,28.414721260000004,-1.2673349929999997,-1.5506285739999996,5.010398259,0.7715740740000008,4.463002349999997,9.713728402,4.164340859999999,0.9029134639999996,-0.937572549,4.178116010999995,9.550728589,3.8973384510000004,9.932486116,17.775909898000002,-0.81109521,6.701280304999999,6.8572238080000005,-0.8173841689999999,1.1314320890000003,4.898998005999999,2.2903910449999993,-1.08517921,2.1491121619999993
109.0,小柴胡湯加桔梗石膏,3.7960734459999976,-1.2673349929999997,1.6684350089999993,-1.352282336,-2.135495787,4.268898268999997,-1.436655059,-3.040874123000001,8.077424743999998,-0.937572549,12.444919305,1.2796018739999993,7.084384877999997,8.171645588999999,6.225090585999997,-0.81109521,2.1212227369999996,4.890121476999999,-3.192043538000001,-0.16236626999999998,5.036696084999999,2.476672601999999,6.247862097,-1.306498572
110.0,立効散,-6.0314659560000035,-1.2673349929999997,-1.5506285739999996,-1.352282336,-2.135495787,1.0713931759999988,-1.436655059,-3.040874123000001,11.196738585999999,-0.937572549,10.200809317,1.0333434499999985,2.4797666739999995,-4.283497233,1.620472381999999,7.313125473999999,-4.049565253,-3.4679182590000006,9.423916381999998,4.007158807,-3.247276774000001,5.504811044999999,20.057164187999998,-1.306498572
111.0,清心蓮子飲,26.039029308000003,-1.2673349929999997,-1.5506285739999996,-1.352282336,-2.135495787,9.890648722999998,-1.436655059,-3.040874123000001,10.344475925,-0.937572549,-1.030638105000001,13.077511182999999,18.117373639000004,-1.7503078369999996,7.666475983999998,-0.81109521,21.202579163000003,4.058791003,-3.192043538000001,-0.4503965450000001,-0.38205861599999996,0.8341780850000002,13.598669276999999,-1.306498572
112.0,猪苓湯合四物湯,10.192322950999998,2.112463093999999,-1.5506285739999996,14.871506571000001,3.7618986499999982,12.487298156,-1.436655059,5.212299624999998,0.10056638499999992,-0.937572549,5.0774810709999985,2.4366769249999987,1.7192246000000002,3.8077035740000005,-6.473817481000001,-0.81109521,2.0987909429999996,21.212148824,-3.192043538000001,0.0435258,-3.247276774000001,-0.2978142119999998,9.630939776999998,9.019895898
113.0,三黄瀉心湯,-6.0314659560000035,-1.2673349929999997,-1.5506285739999996,-1.352282336,2.546809201999999,-3.747257676000001,-1.436655059,-3.040874123000001,9.214100737999999,3.7447324399999995,0.4849771059999994,7.209110169999998,-5.614523189000001,2.02861535,-6.473817481000001,-0.81109521,5.568117161999998,-3.4679182590000006,-3.192043538000001,-2.312253511,3.064835808999999,-2.6535935230000005,7.384538090999997,5.005614011
114.0,柴苓湯,8.518173149000003,-1.2673349929999997,1.6684350089999993,-1.352282336,-2.135495787,19.893837153,0.6873048500000003,-0.916914214,4.778409536000001,-0.937572549,6.543931304999997,8.195507947,1.9541187529999988,4.872630381000001,3.692964254999998,-0.81109521,9.615558236999998,12.354252528,1.5300561650000004,-0.16236626999999998,7.160655993999999,-2.6535935230000005,8.815797441999997,-1.306498572
115.0,胃苓湯,5.0143871069999975,-1.2673349929999997,2.638451966999999,-1.352282336,-2.135495787,15.447450711999998,0.6873048500000003,-0.916914214,-3.0832246069999996,-0.937572549,6.245692984999995,14.253589725000001,6.038268527999999,-0.4441951409999999,12.264227356999998,-0.81109521,6.497821052999997,7.537704241999999,1.3036826580000005,-0.792053664,4.820194464,-2.6535935230000005,0.6280400030000006,-1.306498572
116.0,茯苓飲合半夏厚朴湯,-0.16617437999999946,5.126577047,12.958498757999998,-1.352282336,-2.135495787,4.5054363499999965,-1.436655059,-3.040874123000001,1.3902764150000009,-0.937572549,0.6058482439999981,21.992683526000004,14.653890391,-1.4513053879999995,20.438640753,-0.81109521,1.8157263229999998,-0.6027001009999995,6.201941919999999,-2.312253511,8.903535109,-2.6535935230000005,-0.5215372730000001,-1.306498572
117.0,茵蔯五苓散,-0.47474819999999984,-1.2673349929999997,-1.5506285739999996,-1.352282336,-2.135495787,22.17487724,0.9380043100000002,-0.6662147539999999,8.325184330999999,-0.937572549,-4.952722710000002,1.1526936219999997,-5.614523189000001,-1.5966441329999996,-3.2917590940000014,-0.81109521,4.496006801999998,11.541316474000002,2.3646742179999993,-2.312253511,-0.8726174049999997,-2.6535935230000005,13.454489649,-1.306498572
118.0,苓姜朮甘湯,-0.8680998289999997,-1.2673349929999997,-1.5506285739999996,-1.352282336,-2.135495787,1.2130493400000002,-1.436655059,2.0290439769999997,-1.9833759449999997,-0.937572549,1.8737310019999969,6.244917713999999,1.605282152000001,-1.180986512,5.909353986999999,-0.81109521,1.1138008740000003,-3.4679182590000006,-3.192043538000001,-0.16236626999999998,1.8226413259999998,-2.6535935230000005,-6.915449313000002,-1.306498572
119.0,苓甘姜味辛夏仁湯,2.7764705959999967,-1.2673349929999997,1.3285894239999998,-1.352282336,-2.135495787,6.023438197999996,-1.436655059,1.0986966710000001,-2.5526972699999995,-0.937572549,4.891668463999995,1.7815740739999983,26.258380604999996,-1.7503078369999996,25.399086312999998,-0.81109521,-4.049565253,5.340018292999999,2.272123655999999,-0.16236626999999998,5.971203136,-2.6535935230000005,-0.6830164159999983,-1.306498572
120.0,黄連湯,2.0324624519999976,-1.2673349929999997,1.9756789029999988,-1.352282336,-2.135495787,1.2705723309999992,1.1646539470000001,4.630352982999999,1.2262259170000003,-0.937572549,12.230671316999995,11.957371730999997,7.814456878999996,4.626016594,6.955162586999997,-0.81109521,5.127765487999998,1.998608905,-0.5907345320000001,0.3208098620000003,19.327279668,-2.6535935230000005,1.997972275999998,5.005614011
121.0,三物黄芩湯,-1.7992244319999995,-1.2673349929999997,-1.5506285739999996,2.879959188,-2.135495787,9.383281831,11.693884448,-3.040874123000001,15.582464196999995,-0.937572549,-10.509440466,9.345232105,-5.614523189000001,-4.283497233,-6.473817481000001,-0.81109521,12.386544086,-3.4679182590000006,-3.192043538000001,-2.312253511,-3.247276774000001,10.476945984,13.752901549999999,2.9257429519999993
122.0,排膿散及湯,-3.4340647120000014,-1.2673349929999997,-1.5506285739999996,-1.352282336,-2.135495787,-2.255735146,-1.436655059,-0.6850948119999998,0.06746687700000031,-0.937572549,3.0007245189999976,0.2621674270000004,5.142152358999998,-1.6860959889999998,9.436211609999997,-0.81109521,-1.6937859419999997,-3.4679182590000006,-3.192043538000001,2.676589172999999,-1.0475856559999999,5.626106844999999,-6.915449313000002,-1.306498572
123.0,当帰建中湯,2.8785574299999963,-1.2673349929999997,-1.5506285739999996,1.5547875250000003,0.7715740740000008,-1.8539157749999997,1.5670778509999996,5.911226660999998,-5.0858866659999995,-0.937572549,3.591768173999993,-1.887453206,-1.2649448300000001,1.6227932430000005,-2.1242391219999996,-0.81109521,-1.0082672400000001,-0.4641853489999998,-0.18831062800000017,2.878931742999999,1.9561472539999996,0.3877044900000003,-3.9117164030000016,-1.306498572
124.0,川芎茶調散,-2.6516678690000006,9.054557267999998,5.391465599999999,2.0275157509999997,1.2443023000000004,2.5601898359999993,-1.436655059,0.33892396399999997,2.063149163,-0.937572549,37.32982634900004,7.0002527689999985,-3.752666223000001,13.669597538000001,-4.611960515000002,6.337940618999999,-4.049565253,-3.4679182590000006,32.46347405000001,4.007158807,-3.247276774000001,11.782315539999999,4.346812592,-1.306498572
125.0,桂枝茯苓丸料加薏苡仁,5.909034918,-1.2673349929999997,-1.5506285739999996,-1.352282336,10.662136905999997,4.4171298519999995,1.5670778509999996,2.683078425999999,3.556993813000001,5.750369061,10.260971129999998,-1.553954928,-5.614523189000001,-1.7503078369999996,-6.473817481000001,-0.81109521,-1.3293456139999993,-0.4641853489999998,-0.18831062800000017,0.4079661280000003,-0.24354386400000008,9.00339408,17.822684254,-1.306498572
126.0,麻子仁丸,-6.0314659560000035,-1.2673349929999997,2.196198966999999,-1.352282336,3.2711643039999982,-3.1890778310000005,-1.436655059,-1.11738837,4.528468973,15.214650164999998,0.567532918999998,6.270305945999998,1.996054029,-4.283497233,5.344455284999999,-0.81109521,-2.1260795,7.2776443639999995,0.6717061390000001,-0.388767758,-3.247276774000001,-0.73010777,-1.5087892219999999,-1.306498572
127.0,麻黄附子細辛湯,-6.0314659560000035,-1.2673349929999997,-1.5506285739999996,-1.352282336,-2.135495787,-2.023282869000001,-1.436655059,1.988670515999999,-5.0858866659999995,-0.937572549,6.560524836999996,-7.0908772340000015,6.425897474999998,-4.283497233,5.566603183,-0.81109521,0.9799793859999997,-3.4679182590000006,1.215236899000001,-2.312253511,-3.247276774000001,-2.6535935230000005,5.124971350999999,-1.306498572
128.0,啓脾湯,17.379242209000004,13.865556508,-1.5506285739999996,-1.352282336,12.997395714,1.5770613659999995,-1.436655059,-3.040874123000001,-2.5526972699999995,-0.937572549,9.1437243,29.275363686000002,6.429019305999999,-1.7503078369999996,16.085744538,-0.81109521,22.457768972000004,10.110871354,-0.19197012000000005,-0.792053664,2.524338636999999,-2.6535935230000005,-6.915449313000002,-1.306498572
133.0,大承気湯,-6.0314659560000035,-1.2673349929999997,4.373625940999999,-1.352282336,1.6875902269999998,-0.46281146900000014,-1.436655059,-3.040874123000001,10.480568929999997,9.475529503999999,-0.7620999369999992,7.809816837999999,0.30973132600000036,-4.283497233,4.603790577,-0.81109521,-4.049565253,-3.4679182590000006,-3.192043538000001,-2.312253511,-3.247276774000001,-2.6535935230000005,-3.0923632990000023,-1.306498572
134.0,桂枝加芍薬大黄湯,-0.028512431000000615,-1.2673349929999997,-1.5506285739999996,-1.352282336,1.6875902269999998,-1.8539157749999997,1.5670778509999996,3.294433838999999,-1.2628006520000001,2.8855134649999994,4.798061365999995,1.9356328079999991,-1.2649448300000001,-1.2842766179999996,-2.1242391219999996,-0.81109521,-0.7179902010000001,-0.4641853489999998,-0.18831062800000017,3.1692087819999992,1.9561472539999996,0.677981529,-0.08863038900000036,-1.306498572
135.0,茵蔯蒿湯,-6.0314659560000035,-1.2673349929999997,-1.5506285739999996,-1.352282336,0.5678342580000004,8.940610929,-1.436655059,-3.040874123000001,13.610881816,1.7657574959999998,-7.806110421000005,-4.387547189000002,-5.614523189000001,0.9857233070000004,-6.473817481000001,4.45812533,-4.049565253,-3.4679182590000006,-3.192043538000001,-2.312253511,-3.247276774000001,-2.6535935230000005,11.781319168999998,3.9627219679999994
136.0,清暑益気湯,16.104552016999996,-1.2673349929999997,-1.5506285739999996,1.165314014,0.3821005630000004,0.025114598000000488,-1.436655059,-0.5232777730000002,-0.7293372239999991,-0.937572549,-3.6653325520000015,6.726368375999998,8.910961984,-1.7659008829999998,10.857979408999997,3.545454232,6.208085226999998,9.072561258,-0.38573182100000014,-0.792053664,7.7636571189999986,1.6180368660000009,-2.5588998710000013,-1.306498572
137.0,加味帰脾湯,36.815409747000004,6.349610402,-1.5506285739999996,0.7033264760000002,-0.07988697499999975,10.633509952999999,7.3390690329999995,-0.985265311,4.26773116,-0.937572549,0.6427881229999992,10.382923600999998,-1.8946322239999998,35.324497054,8.61993737,3.4912053450000005,9.030738094,-0.6027001009999995,-0.5939037439999997,-0.792053664,1.817632502,1.6180368660000009,0.2443621430000007,2.995801983
138.0,桔梗湯,-6.0314659560000035,-1.2673349929999997,-1.5506285739999996,-1.352282336,-2.135495787,-7.052827508000003,-1.436655059,-3.040874123000001,-5.0858866659999995,-0.937572549,-3.6875323430000027,-7.0908772340000015,1.2073849339999994,-4.283497233,0.34809064200000017,-0.81109521,-4.049565253,-3.4679182590000006,-3.192043538000001,0.3208098620000003,-3.247276774000001,1.5352512269999998,-6.915449313000002,-1.306498572
501.0,紫雲膏,-1.434984917,-1.2673349929999997,-1.5506285739999996,3.2441987029999995,17.593876752999996,8.080063992999996,-1.436655059,1.555606915999999,10.047004835,-0.937572549,-5.912959427000002,-7.0908772340000015,-5.614523189000001,0.3129838060000001,-6.473817481000001,-0.81109521,-4.049565253,-3.4679182590000006,-3.192043538000001,-2.312253511,-3.247276774000001,12.479297977999998,8.217442187999998,-1.306498572
,丁香柿蒂湯,-6.0314659560000035,-1.2673349929999997,-1.5506285739999996,-1.352282336,-2.135495787,-7.052827508000003,-1.436655059,-3.040874123000001,-5.0858866659999995,-0.937572549,-10.509440466,-7.0908772340000015,-5.614523189000001,-4.283497233,-6.473817481000001,-0.81109521,-4.049565253,-3.4679182590000006,-3.192043538000001,-2.312253511,-3.247276774000001,-2.6535935230000005,-6.915449313000002,-1.306498572
,不換金正気散,-6.0314659560000035,-1.2673349929999997,-1.5506285739999996,-1.352282336,-2.135495787,-7.052827508000003,-1.436655059,-3.040874123000001,-5.0858866659999995,-0.937572549,-10.509440466,-7.0908772340000015,-5.614523189000001,-4.283497233,-6.473817481000001,-0.81109521,-4.049565253,-3.4679182590000006,-3.192043538000001,-2.312253511,-3.247276774000001,-2.6535935230000005,-6.915449313000002,-1.306498572
,中黄膏,-6.0314659560000035,-1.2673349929999997,-1.5506285739999996,-1.352282336,-2.135495787,-7.052827508000003,-1.436655059,-3.040874123000001,-5.0858866659999995,-0.937572549,-10.509440466,-7.0908772340000015,-5.614523189000001,-4.283497233,-6.473817481000001,-0.81109521,-4.049565253,-3.4679182590000006,-3.192043538000001,-2.312253511,-3.247276774000001,-2.6535935230000005,-6.915449313000002,-1.306498572
,九味檳榔湯,-4.529599501000002,25.38105663,20.130224817000002,-1.352282336,0.5678342580000004,10.923725973999998,0.06521139600000003,4.216080460999999,-1.1159619229999997,1.7657574959999998,3.6204511729999975,29.878403867999996,5.275953500999999,-3.0169025350000003,18.926926875,-0.81109521,3.5673801419999998,-1.966051804,2.831001478999999,-0.792053664,6.209368927999999,-2.6535935230000005,1.8109257489999988,-1.306498572
,乾姜人参半夏丸,-6.0314659560000035,-1.2673349929999997,-1.5506285739999996,-1.352282336,-2.135495787,-7.052827508000003,-1.436655059,-3.040874123000001,-5.0858866659999995,-0.937572549,-10.509440466,-7.0908772340000015,-5.614523189000001,-4.283497233,-6.473817481000001,-0.81109521,-4.049565253,-3.4679182590000006,-3.192043538000001,-2.312253511,-3.247276774000001,-2.6535935230000005,-6.915449313000002,-1.306498572
,五物解毒散,-6.0314659560000035,-1.2673349929999997,-1.5506285739999996,-1.352282336,-2.135495787,-7.052827508000003,-1.436655059,-3.040874123000001,-5.0858866659999995,-0.937572549,-10.509440466,-7.0908772340000015,-5.614523189000001,-4.283497233,-6.473817481000001,-0.81109521,-4.049565253,-3.4679182590000006,-3.192043538000001,-2.312253511,-3.247276774000001,-2.6535935230000005,-6.915449313000002,-1.306498572
,伏竜肝湯,-6.0314659560000035,-1.2673349929999997,-1.5506285739999996,-1.352282336,-2.135495787,-7.052827508000003,-1.436655059,-3.040874123000001,-5.0858866659999995,-0.937572549,-10.509440466,-7.0908772340000015,-5.614523189000001,-4.283497233,-6.473817481000001,-0.81109521,-4.049565253,-3.4679182590000006,-3.192043538000001,-2.312253511,-3.247276774000001,-2.6535935230000005,-6.915449313000002,-1.306498572
,八味逍遙散,-6.0314659560000035,-1.2673349929999997,-1.5506285739999996,-1.352282336,-2.135495787,-7.052827508000003,-1.436655059,-3.040874123000001,-5.0858866659999995,-0.937572549,-10.509440466,-7.0908772340000015,-5.614523189000001,-4.283497233,-6.473817481000001,-0.81109521,-4.049565253,-3.4679182590000006,-3.192043538000001,-2.312253511,-3.247276774000001,-2.6535935230000005,-6.915449313000002,-1.306498572
,分消湯,-6.0314659560000035,-1.2673349929999997,-1.5506285739999996,-1.352282336,-2.135495787,-7.052827508000003,-1.436655059,-3.040874123000001,-5.0858866659999995,-0.937572549,-10.509440466,-7.0908772340000015,-5.614523189000001,-4.283497233,-6.473817481000001,-0.81109521,-4.049565253,-3.4679182590000006,-3.192043538000001,-2.312253511,-3.247276774000001,-2.6535935230000005,-6.915449313000002,-1.306498572
,加味平胃散,-6.0314659560000035,-1.2673349929999997,-1.5506285739999996,-1.352282336,-2.135495787,-7.052827508000003,-1.436655059,-3.040874123000001,-5.0858866659999995,-0.937572549,-10.509440466,-7.0908772340000015,-5.614523189000001,-4.283497233,-6.473817481000001,-0.81109521,-4.049565253,-3.4679182590000006,-3.192043538000001,-2.312253511,-3.247276774000001,-2.6535935230000005,-6.915449313000002,-1.306498572
,加味温胆湯,-6.0314659560000035,-1.2673349929999997,-1.5506285739999996,-1.352282336,-2.135495787,-7.052827508000003,-1.436655059,-3.040874123000001,-5.0858866659999995,-0.937572549,-10.509440466,-7.0908772340000015,-5.614523189000001,-4.283497233,-6.473817481000001,-0.81109521,-4.049565253,-3.4679182590000006,-3.192043538000001,-2.312253511,-3.247276774000001,-2.6535935230000005,-6.915449313000002,-1.306498572
,加味解毒湯,-6.0314659560000035,-1.2673349929999997,-1.5506285739999996,-1.352282336,-2.135495787,-7.052827508000003,-1.436655059,-3.040874123000001,-5.0858866659999995,-0.937572549,-10.509440466,-7.0908772340000015,-5.614523189000001,-4.283497233,-6.473817481000001,-0.81109521,-4.049565253,-3.4679182590000006,-3.192043538000001,-2.312253511,-3.247276774000001,-2.6535935230000005,-6.915449313000002,-1.306498572
,加味解毒湯,-6.0314659560000035,-1.2673349929999997,-1.5506285739999996,-1.352282336,-2.135495787,-7.052827508000003,-1.436655059,-3.040874123000001,-5.0858866659999995,-0.937572549,-10.509440466,-7.0908772340000015,-5.614523189000001,-4.283497233,-6.473817481000001,-0.81109521,-4.049565253,-3.4679182590000006,-3.192043538000001,-2.312253511,-3.247276774000001,-2.6535935230000005,-6.915449313000002,-1.306498572
,化食養脾湯,-6.0314659560000035,-1.2673349929999997,-1.5506285739999996,-1.352282336,-2.135495787,-7.052827508000003,-1.436655059,-3.040874123000001,-5.0858866659999995,-0.937572549,-10.509440466,-7.0908772340000015,-5.614523189000001,-4.283497233,-6.473817481000001,-0.81109521,-4.049565253,-3.4679182590000006,-3.192043538000001,-2.312253511,-3.247276774000001,-2.6535935230000005,-6.915449313000002,-1.306498572
,千金鶏鳴散,-6.0314659560000035,-1.2673349929999997,-1.5506285739999996,-1.352282336,-2.135495787,-7.052827508000003,-1.436655059,-3.040874123000001,-5.0858866659999995,-0.937572549,-10.509440466,-7.0908772340000015,-5.614523189000001,-4.283497233,-6.473817481000001,-0.81109521,-4.049565253,-3.4679182590000006,-3.192043538000001,-2.312253511,-3.247276774000001,-2.6535935230000005,-6.915449313000002,-1.306498572
,厚朴生姜半夏人参甘草湯,-6.0314659560000035,-1.2673349929999997,-1.5506285739999996,-1.352282336,-2.135495787,-7.052827508000003,-1.436655059,-3.040874123000001,-5.0858866659999995,-0.937572549,-10.509440466,-7.0908772340000015,-5.614523189000001,-4.283497233,-6.473817481000001,-0.81109521,-4.049565253,-3.4679182590000006,-3.192043538000001,-2.312253511,-3.247276774000001,-2.6535935230000005,-6.915449313000002,-1.306498572
,参苓白朮散,-6.0314659560000035,-1.2673349929999997,-1.5506285739999996,-1.352282336,-2.135495787,-7.052827508000003,-1.436655059,-3.040874123000001,-5.0858866659999995,-0.937572549,-10.509440466,-7.0908772340000015,-5.614523189000001,-4.283497233,-6.473817481000001,-0.81109521,-4.049565253,-3.4679182590000006,-3.192043538000001,-2.312253511,-3.247276774000001,-2.6535935230000005,-6.915449313000002,-1.306498572
,四苓湯,-1.5503584229999996,-1.2673349929999997,-1.5506285739999996,-1.352282336,-2.135495787,4.312131362999998,-1.436655059,-3.040874123000001,-3.8192919679999995,-0.937572549,-6.0283329330000015,-1.343175003,-5.614523189000001,-3.0169025350000003,-1.992709947999999,-0.81109521,2.6211875659999992,2.1493383809999993,-1.6920068289999997,-2.312253511,-3.247276774000001,-2.6535935230000005,-3.4878379590000024,-1.306498572
,四逆湯,-6.0314659560000035,-1.2673349929999997,-1.5506285739999996,-1.352282336,-2.135495787,-7.052827508000003,-1.436655059,-3.040874123000001,-5.0858866659999995,-0.937572549,-10.509440466,-7.0908772340000015,-5.614523189000001,-4.283497233,-6.473817481000001,-0.81109521,-4.049565253,-3.4679182590000006,-3.192043538000001,-2.312253511,-3.247276774000001,-2.6535935230000005,-6.915449313000002,-1.306498572
,堅中湯,-6.0314659560000035,-1.2673349929999997,-1.5506285739999996,-1.352282336,-2.135495787,-7.052827508000003,-1.436655059,-3.040874123000001,-5.0858866659999995,-0.937572549,-10.509440466,-7.0908772340000015,-5.614523189000001,-4.283497233,-6.473817481000001,-0.81109521,-4.049565253,-3.4679182590000006,-3.192043538000001,-2.312253511,-3.247276774000001,-2.6535935230000005,-6.915449313000002,-1.306498572
,大半夏湯,-6.0314659560000035,-1.2673349929999997,-1.5506285739999996,-1.352282336,-2.135495787,-7.052827508000003,-1.436655059,-3.040874123000001,-5.0858866659999995,-0.937572549,-10.509440466,-7.0908772340000015,-5.614523189000001,-4.283497233,-6.473817481000001,-0.81109521,-4.049565253,-3.4679182590000006,-3.192043538000001,-2.312253511,-3.247276774000001,-2.6535935230000005,-6.915449313000002,-1.306498572
,大柴胡湯去大黄,-2.88207096,-1.2673349929999997,-0.11101957499999991,-1.352282336,-2.135495787,-0.0054454499999994355,-1.436655059,-1.6807643039999998,1.4476597100000006,-0.937572549,-4.560326652000003,-0.007424427999999428,-1.9752230719999995,-1.134102237,0.1407726910000004,-0.81109521,-0.7809838010000001,-3.4679182590000006,-3.192043538000001,-0.9521436919999999,0.3920233429999999,-1.2934837039999998,-3.357192992000002,-1.306498572
,小承気湯,-6.0314659560000035,-1.2673349929999997,-1.5506285739999996,-1.352282336,-2.135495787,-7.052827508000003,-1.436655059,-3.040874123000001,-5.0858866659999995,-0.937572549,-10.509440466,-7.0908772340000015,-5.614523189000001,-4.283497233,-6.473817481000001,-0.81109521,-4.049565253,-3.4679182590000006,-3.192043538000001,-2.312253511,-3.247276774000001,-2.6535935230000005,-6.915449313000002,-1.306498572
,小青竜湯加石膏,-6.0314659560000035,-1.2673349929999997,-1.5506285739999996,-1.352282336,-2.135495787,-7.052827508000003,-1.436655059,-3.040874123000001,-5.0858866659999995,-0.937572549,-10.509440466,-7.0908772340000015,-5.614523189000001,-4.283497233,-6.473817481000001,-0.81109521,-4.049565253,-3.4679182590000006,-3.192043538000001,-2.312253511,-3.247276774000001,-2.6535935230000005,-6.915449313000002,-1.306498572
,小青竜湯合麻杏甘石湯,-6.0314659560000035,-1.2673349929999997,-1.5506285739999996,-1.352282336,-2.135495787,-7.052827508000003,-1.436655059,-3.040874123000001,-5.0858866659999995,-0.937572549,-10.509440466,-7.0908772340000015,-5.614523189000001,-4.283497233,-6.473817481000001,-0.81109521,-4.049565253,-3.4679182590000006,-3.192043538000001,-2.312253511,-3.247276774000001,-2.6535935230000005,-6.915449313000002,-1.306498572
,左突膏,-6.0314659560000035,-1.2673349929999997,-1.5506285739999996,-1.352282336,-2.135495787,-7.052827508000003,-1.436655059,-3.040874123000001,-5.0858866659999995,-0.937572549,-10.509440466,-7.0908772340000015,-5.614523189000001,-4.283497233,-6.473817481000001,-0.81109521,-4.049565253,-3.4679182590000006,-3.192043538000001,-2.312253511,-3.247276774000001,-2.6535935230000005,-6.915449313000002,-1.306498572
,帰耆建中湯,-6.0314659560000035,-1.2673349929999997,-1.5506285739999996,-1.352282336,-2.135495787,-7.052827508000003,-1.436655059,-3.040874123000001,-5.0858866659999995,-0.937572549,-10.509440466,-7.0908772340000015,-5.614523189000001,-4.283497233,-6.473817481000001,-0.81109521,-4.049565253,-3.4679182590000006,-3.192043538000001,-2.312253511,-3.247276774000001,-2.6535935230000005,-6.915449313000002,-1.306498572
,延年半夏湯,-6.0314659560000035,-1.2673349929999997,-1.5506285739999996,-1.352282336,-2.135495787,-7.052827508000003,-1.436655059,-3.040874123000001,-5.0858866659999995,-0.937572549,-10.509440466,-7.0908772340000015,-5.614523189000001,-4.283497233,-6.473817481000001,-0.81109521,-4.049565253,-3.4679182590000006,-3.192043538000001,-2.312253511,-3.247276774000001,-2.6535935230000005,-6.915449313000002,-1.306498572
,当帰四逆湯,-6.0314659560000035,-1.2673349929999997,-1.5506285739999996,-1.352282336,-2.135495787,-7.052827508000003,-1.436655059,-3.040874123000001,-5.0858866659999995,-0.937572549,-10.509440466,-7.0908772340000015,-5.614523189000001,-4.283497233,-6.473817481000001,-0.81109521,-4.049565253,-3.4679182590000006,-3.192043538000001,-2.312253511,-3.247276774000001,-2.6535935230000005,-6.915449313000002,-1.306498572
,当帰散,-6.0314659560000035,-1.2673349929999997,-1.5506285739999996,-1.352282336,-2.135495787,-7.052827508000003,-1.436655059,-3.040874123000001,-5.0858866659999995,-0.937572549,-10.509440466,-7.0908772340000015,-5.614523189000001,-4.283497233,-6.473817481000001,-0.81109521,-4.049565253,-3.4679182590000006,-3.192043538000001,-2.312253511,-3.247276774000001,-2.6535935230000005,-6.915449313000002,-1.306498572
,当帰貝母苦参丸料,-6.0314659560000035,-1.2673349929999997,-1.5506285739999996,-1.352282336,-2.135495787,-7.052827508000003,-1.436655059,-3.040874123000001,-5.0858866659999995,-0.937572549,-10.509440466,-7.0908772340000015,-5.614523189000001,-4.283497233,-6.473817481000001,-0.81109521,-4.049565253,-3.4679182590000006,-3.192043538000001,-2.312253511,-3.247276774000001,-2.6535935230000005,-6.915449313000002,-1.306498572
,応鐘散,-6.0314659560000035,-1.2673349929999997,-1.5506285739999996,-1.352282336,-2.135495787,-7.052827508000003,-1.436655059,-3.040874123000001,-5.0858866659999995,-0.937572549,-10.509440466,-7.0908772340000015,-5.614523189000001,-4.283497233,-6.473817481000001,-0.81109521,-4.049565253,-3.4679182590000006,-3.192043538000001,-2.312253511,-3.247276774000001,-2.6535935230000005,-6.915449313000002,-1.306498572
,折衝飲,-6.0314659560000035,-1.2673349929999997,-1.5506285739999996,-1.352282336,-2.135495787,-7.052827508000003,-1.436655059,-3.040874123000001,-5.0858866659999995,-0.937572549,-10.509440466,-7.0908772340000015,-5.614523189000001,-4.283497233,-6.473817481000001,-0.81109521,-4.049565253,-3.4679182590000006,-3.192043538000001,-2.312253511,-3.247276774000001,-2.6535935230000005,-6.915449313000002,-1.306498572
,排膿散,-6.0314659560000035,-1.2673349929999997,-1.5506285739999996,-1.352282336,-2.135495787,-7.052827508000003,-1.436655059,-3.040874123000001,-5.0858866659999995,-0.937572549,-10.509440466,-7.0908772340000015,-5.614523189000001,-4.283497233,-6.473817481000001,-0.81109521,-4.049565253,-3.4679182590000006,-3.192043538000001,-2.312253511,-3.247276774000001,-2.6535935230000005,-6.915449313000002,-1.306498572
,排膿湯,-6.0314659560000035,-1.2673349929999997,-1.5506285739999996,-1.352282336,-2.135495787,-7.052827508000003,-1.436655059,-3.040874123000001,-5.0858866659999995,-0.937572549,-10.509440466,-7.0908772340000015,-5.614523189000001,-4.283497233,-6.473817481000001,-0.81109521,-4.049565253,-3.4679182590000006,-3.192043538000001,-2.312253511,-3.247276774000001,-2.6535935230000005,-6.915449313000002,-1.306498572
,杏蘇散,-6.0314659560000035,-1.2673349929999997,-1.5506285739999996,-1.352282336,-2.135495787,-7.052827508000003,-1.436655059,-3.040874123000001,-5.0858866659999995,-0.937572549,-10.509440466,-7.0908772340000015,-5.614523189000001,-4.283497233,-6.473817481000001,-0.81109521,-4.049565253,-3.4679182590000006,-3.192043538000001,-2.312253511,-3.247276774000001,-2.6535935230000005,-6.915449313000002,-1.306498572
,柴芍六君子湯,-6.0314659560000035,-1.2673349929999997,-1.5506285739999996,-1.352282336,-2.135495787,-7.052827508000003,-1.436655059,-3.040874123000001,-5.0858866659999995,-0.937572549,-10.509440466,-7.0908772340000015,-5.614523189000001,-4.283497233,-6.473817481000001,-0.81109521,-4.049565253,-3.4679182590000006,-3.192043538000001,-2.312253511,-3.247276774000001,-2.6535935230000005,-6.915449313000002,-1.306498572
,柿蒂湯,-6.0314659560000035,-1.2673349929999997,-1.5506285739999996,-1.352282336,-2.135495787,-7.052827508000003,-1.436655059,-3.040874123000001,-5.0858866659999995,-0.937572549,-10.509440466,-7.0908772340000015,-5.614523189000001,-4.283497233,-6.473817481000001,-0.81109521,-4.049565253,-3.4679182590000006,-3.192043538000001,-2.312253511,-3.247276774000001,-2.6535935230000005,-6.915449313000002,-1.306498572
,桂枝加厚朴杏仁湯,-4.531855648000002,-1.2673349929999997,1.0987785890000006,-1.352282336,-2.135495787,-0.6214424850000002,-1.436655059,-1.6807643039999998,-5.0858866659999995,-0.937572549,-3.4801133290000013,-2.241778953,3.4868585360000006,-2.7838869250000005,2.627564244,-0.81109521,-2.689455434,-3.4679182590000006,-0.4599599409999997,0.5680561550000003,-1.0475856559999999,-1.2934837039999998,-6.915449313000002,-1.306498572
,桂枝加芍薬生姜人参湯,-6.0314659560000035,-1.2673349929999997,-1.5506285739999996,-1.352282336,-2.135495787,-7.052827508000003,-1.436655059,-3.040874123000001,-5.0858866659999995,-0.937572549,-10.509440466,-7.0908772340000015,-5.614523189000001,-4.283497233,-6.473817481000001,-0.81109521,-4.049565253,-3.4679182590000006,-3.192043538000001,-2.312253511,-3.247276774000001,-2.6535935230000005,-6.915449313000002,-1.306498572
,桂枝加葛根湯,-3.0299891930000005,-1.2673349929999997,-1.5506285739999996,-1.352282336,-2.135495787,-3.353526082000001,0.06521139600000003,-0.17889784899999978,-1.3788744259999999,-0.937572549,-4.627654037000003,-3.3893196610000014,-1.8946322239999998,-2.7838869250000005,-2.7539265160000004,-0.81109521,-2.689455434,1.7409604359999997,2.016835157,4.275068395,0.4542807989999997,-1.2934837039999998,-1.7065706179999998,-1.306498572
,桂枝加黄耆湯,-0.5637622379999996,-1.2673349929999997,-1.5506285739999996,-1.352282336,-2.135495787,-0.8872991269999999,0.06521139600000003,-0.17889784899999978,-5.0858866659999995,-0.937572549,-4.627654037000003,-3.3893196610000014,-1.8946322239999998,-2.7838869250000005,-2.7539265160000004,-0.81109521,-2.689455434,-1.966051804,-1.6901770829999996,0.5680561550000003,0.4542807989999997,1.1727432510000002,-5.413582858000001,-1.306498572
,桂芍知母湯,-1.5485286769999997,-1.2673349929999997,-1.5506285739999996,-1.352282336,-2.135495787,6.768987434999998,0.06521139600000003,4.850646789999999,-1.474378304,-0.937572549,4.086991336999999,-0.40824883699999964,0.3090079950000007,-0.6719888709999999,2.430784527,-0.81109521,5.321160029,1.6454565579999991,0.5134631360000002,0.5680561550000003,0.4542807989999997,-1.2934837039999998,0.40156572300000126,-1.306498572
,桂麻各半湯,-4.531855648000002,-1.2673349929999997,-1.5506285739999996,-1.352282336,-2.135495787,-0.6214424850000002,-1.436655059,-1.6807643039999998,-5.0858866659999995,-0.937572549,-3.9258802730000024,-4.891186116000002,3.041091591999998,-2.7838869250000005,2.1817972999999977,-0.81109521,-2.689455434,-3.4679182590000006,1.7436802780000002,0.5680561550000003,-1.0475856559999999,-1.2934837039999998,-4.711809094000001,-1.306498572
,桔梗石膏,-6.0314659560000035,-1.2673349929999997,-1.5506285739999996,-1.352282336,-2.135495787,-7.052827508000003,-1.436655059,-3.040874123000001,-3.3489039689999998,-0.937572549,-5.810497241000005,-7.0908772340000015,-2.652562661,-2.5465145359999997,-3.5118569530000014,-0.81109521,-4.049565253,-1.7309355619999998,-3.192043538000001,-2.312253511,-3.247276774000001,0.30836700500000036,-5.1784666160000015,-1.306498572
,梔子柏皮湯,-6.0314659560000035,-1.2673349929999997,-1.5506285739999996,-1.352282336,-2.135495787,-4.010641611000001,-1.436655059,-3.040874123000001,2.3128486730000004,-0.937572549,-8.989240619000004,-2.7343277919999993,-4.094323342000001,-1.2413113359999997,-4.953617634000001,6.587640129,0.306984189,-3.4679182590000006,-3.192043538000001,-0.792053664,1.1092726679999998,-2.6535935230000005,0.483286026,1.735687325
,椒梅湯,-6.0314659560000035,-1.2673349929999997,-1.5506285739999996,-1.352282336,-2.135495787,-7.052827508000003,-1.436655059,-3.040874123000001,-5.0858866659999995,-0.937572549,-10.509440466,-7.0908772340000015,-5.614523189000001,-4.283497233,-6.473817481000001,-0.81109521,-4.049565253,-3.4679182590000006,-3.192043538000001,-2.312253511,-3.247276774000001,-2.6535935230000005,-6.915449313000002,-1.306498572
,楊柏散,-6.0314659560000035,-1.2673349929999997,-1.5506285739999996,-1.352282336,-2.135495787,-7.052827508000003,-1.436655059,-3.040874123000001,-5.0858866659999995,-0.937572549,-10.509440466,-7.0908772340000015,-5.614523189000001,-4.283497233,-6.473817481000001,-0.81109521,-4.049565253,-3.4679182590000006,-3.192043538000001,-2.312253511,-3.247276774000001,-2.6535935230000005,-6.915449313000002,-1.306498572
,清上蠲痛湯,-6.0314659560000035,-1.2673349929999997,-1.5506285739999996,-1.352282336,-2.135495787,-7.052827508000003,-1.436655059,-3.040874123000001,-5.0858866659999995,-0.937572549,-10.509440466,-7.0908772340000015,-5.614523189000001,-4.283497233,-6.473817481000001,-0.81109521,-4.049565253,-3.4679182590000006,-3.192043538000001,-2.312253511,-3.247276774000001,-2.6535935230000005,-6.915449313000002,-1.306498572
,清湿化痰湯,-6.0314659560000035,-1.2673349929999997,-1.5506285739999996,-1.352282336,-2.135495787,-7.052827508000003,-1.436655059,-3.040874123000001,-5.0858866659999995,-0.937572549,-10.509440466,-7.0908772340000015,-5.614523189000001,-4.283497233,-6.473817481000001,-0.81109521,-4.049565253,-3.4679182590000006,-3.192043538000001,-2.312253511,-3.247276774000001,-2.6535935230000005,-6.915449313000002,-1.306498572
,清肌安蛔湯,-6.0314659560000035,-1.2673349929999997,-1.5506285739999996,-1.352282336,-2.135495787,-7.052827508000003,-1.436655059,-3.040874123000001,-5.0858866659999995,-0.937572549,-10.509440466,-7.0908772340000015,-5.614523189000001,-4.283497233,-6.473817481000001,-0.81109521,-4.049565253,-3.4679182590000006,-3.192043538000001,-2.312253511,-3.247276774000001,-2.6535935230000005,-6.915449313000002,-1.306498572
,温胆湯,-6.0314659560000035,-1.2673349929999997,-1.5506285739999996,-1.352282336,-2.135495787,-7.052827508000003,-1.436655059,-3.040874123000001,-5.0858866659999995,-0.937572549,-10.509440466,-7.0908772340000015,-5.614523189000001,-4.283497233,-6.473817481000001,-0.81109521,-4.049565253,-3.4679182590000006,-3.192043538000001,-2.312253511,-3.247276774000001,-2.6535935230000005,-6.915449313000002,-1.306498572
,滋血潤腸湯,-6.0314659560000035,-1.2673349929999997,-1.5506285739999996,-1.352282336,-2.135495787,-7.052827508000003,-1.436655059,-3.040874123000001,-5.0858866659999995,-0.937572549,-10.509440466,-7.0908772340000015,-5.614523189000001,-4.283497233,-6.473817481000001,-0.81109521,-4.049565253,-3.4679182590000006,-3.192043538000001,-2.312253511,-3.247276774000001,-2.6535935230000005,-6.915449313000002,-1.306498572
,蒸眼一方,-6.0314659560000035,-1.2673349929999997,-1.5506285739999996,-1.352282336,-2.135495787,-7.052827508000003,-1.436655059,-3.040874123000001,-5.0858866659999995,-0.937572549,-10.509440466,-7.0908772340000015,-5.614523189000001,-4.283497233,-6.473817481000001,-0.81109521,-4.049565253,-3.4679182590000006,-3.192043538000001,-2.312253511,-3.247276774000001,-2.6535935230000005,-6.915449313000002,-1.306498572
,牛膝散,-6.0314659560000035,-1.2673349929999997,-1.5506285739999996,-1.352282336,-2.135495787,-7.052827508000003,-1.436655059,-3.040874123000001,-5.0858866659999995,-0.937572549,-10.509440466,-7.0908772340000015,-5.614523189000001,-4.283497233,-6.473817481000001,-0.81109521,-4.049565253,-3.4679182590000006,-3.192043538000001,-2.312253511,-3.247276774000001,-2.6535935230000005,-6.915449313000002,-1.306498572
,独活湯,-6.0314659560000035,-1.2673349929999997,-1.5506285739999996,-1.352282336,-2.135495787,-7.052827508000003,-1.436655059,-3.040874123000001,-5.0858866659999995,-0.937572549,-10.509440466,-7.0908772340000015,-5.614523189000001,-4.283497233,-6.473817481000001,-0.81109521,-4.049565253,-3.4679182590000006,-3.192043538000001,-2.312253511,-3.247276774000001,-2.6535935230000005,-6.915449313000002,-1.306498572
,独活葛根湯,-6.0314659560000035,-1.2673349929999997,-1.5506285739999996,-1.352282336,-2.135495787,-7.052827508000003,-1.436655059,-3.040874123000001,-5.0858866659999995,-0.937572549,-10.509440466,-7.0908772340000015,-5.614523189000001,-4.283497233,-6.473817481000001,-0.81109521,-4.049565253,-3.4679182590000006,-3.192043538000001,-2.312253511,-3.247276774000001,-2.6535935230000005,-6.915449313000002,-1.306498572
,甘草湯,-6.0314659560000035,-1.2673349929999997,-1.5506285739999996,-1.352282336,-2.135495787,-7.052827508000003,-1.436655059,-3.040874123000001,-5.0858866659999995,-0.937572549,-8.989240619000004,-7.0908772340000015,-4.094323342000001,-4.283497233,-4.953617634000001,-0.81109521,-4.049565253,-3.4679182590000006,-3.192043538000001,-0.792053664,-3.247276774000001,-2.6535935230000005,-6.915449313000002,-1.306498572
,甘草瀉心湯,-6.0314659560000035,-1.2673349929999997,-1.5506285739999996,-1.352282336,-2.135495787,-7.052827508000003,-1.436655059,-3.040874123000001,-5.0858866659999995,-0.937572549,-10.509440466,-7.0908772340000015,-5.614523189000001,-4.283497233,-6.473817481000001,-0.81109521,-4.049565253,-3.4679182590000006,-3.192043538000001,-2.312253511,-3.247276774000001,-2.6535935230000005,-6.915449313000002,-1.306498572
,生姜瀉心湯,-6.0314659560000035,-1.2673349929999997,-1.5506285739999996,-1.352282336,-2.135495787,-7.052827508000003,-1.436655059,-3.040874123000001,-5.0858866659999995,-0.937572549,-10.509440466,-7.0908772340000015,-5.614523189000001,-4.283497233,-6.473817481000001,-0.81109521,-4.049565253,-3.4679182590000006,-3.192043538000001,-2.312253511,-3.247276774000001,-2.6535935230000005,-6.915449313000002,-1.306498572
,甲字湯,-6.0314659560000035,-1.2673349929999997,-1.5506285739999996,-1.352282336,-2.135495787,-7.052827508000003,-1.436655059,-3.040874123000001,-5.0858866659999995,-0.937572549,-10.509440466,-7.0908772340000015,-5.614523189000001,-4.283497233,-6.473817481000001,-0.81109521,-4.049565253,-3.4679182590000006,-3.192043538000001,-2.312253511,-3.247276774000001,-2.6535935230000005,-6.915449313000002,-1.306498572
,白虎加桂枝湯,-6.0314659560000035,-1.2673349929999997,-1.5506285739999996,-1.352282336,-2.135495787,-7.052827508000003,-1.436655059,-3.040874123000001,-5.0858866659999995,-0.937572549,-10.509440466,-7.0908772340000015,-5.614523189000001,-4.283497233,-6.473817481000001,-0.81109521,-4.049565253,-3.4679182590000006,-3.192043538000001,-2.312253511,-3.247276774000001,-2.6535935230000005,-6.915449313000002,-1.306498572
,白虎湯,-6.0314659560000035,-1.2673349929999997,-1.5506285739999996,-1.352282336,-2.135495787,-7.052827508000003,-1.436655059,-3.040874123000001,-5.0858866659999995,-0.937572549,-10.509440466,-7.0908772340000015,-5.614523189000001,-4.283497233,-6.473817481000001,-0.81109521,-4.049565253,-3.4679182590000006,-3.192043538000001,-2.312253511,-3.247276774000001,-2.6535935230000005,-6.915449313000002,-1.306498572
,秦芁羌活湯,-6.0314659560000035,-1.2673349929999997,-1.5506285739999996,-1.352282336,-2.135495787,-7.052827508000003,-1.436655059,-3.040874123000001,-5.0858866659999995,-0.937572549,-10.509440466,-7.0908772340000015,-5.614523189000001,-4.283497233,-6.473817481000001,-0.81109521,-4.049565253,-3.4679182590000006,-3.192043538000001,-2.312253511,-3.247276774000001,-2.6535935230000005,-6.915449313000002,-1.306498572
,秦芁防風湯,-6.0314659560000035,-1.2673349929999997,-1.5506285739999996,-1.352282336,-2.135495787,-7.052827508000003,-1.436655059,-3.040874123000001,-5.0858866659999995,-0.937572549,-10.509440466,-7.0908772340000015,-5.614523189000001,-4.283497233,-6.473817481000001,-0.81109521,-4.049565253,-3.4679182590000006,-3.192043538000001,-2.312253511,-3.247276774000001,-2.6535935230000005,-6.915449313000002,-1.306498572
,胃風湯,-6.0314659560000035,-1.2673349929999997,-1.5506285739999996,-1.352282336,-2.135495787,-7.052827508000003,-1.436655059,-3.040874123000001,-5.0858866659999995,-0.937572549,-10.509440466,-7.0908772340000015,-5.614523189000001,-4.283497233,-6.473817481000001,-0.81109521,-4.049565253,-3.4679182590000006,-3.192043538000001,-2.312253511,-3.247276774000001,-2.6535935230000005,-6.915449313000002,-1.306498572
,腸癰湯,-3.205411787000003,-1.2673349929999997,-1.5506285739999996,-1.352282336,4.2633205599999995,1.5017595399999994,-1.436655059,-3.040874123000001,-2.0310411239999993,8.134931134999999,-4.628540755000003,-7.0908772340000015,0.11400968999999955,-4.283497233,-0.7452846020000004,-0.81109521,-4.049565253,-3.4679182590000006,-3.192043538000001,-2.312253511,-3.247276774000001,5.900993524999999,8.037954081999999,-1.306498572
,芍薬甘草附子湯,-6.0314659560000035,-1.2673349929999997,-1.5506285739999996,-1.352282336,-2.135495787,-2.023282869000001,-1.436655059,3.3487803349999994,-5.0858866659999995,-0.937572549,-2.599586161000003,-7.0908772340000015,-4.094323342000001,-4.283497233,-4.953617634000001,-0.81109521,2.3400892049999995,-3.4679182590000006,-3.192043538000001,0.5680561550000003,-3.247276774000001,-1.2934837039999998,-6.915449313000002,-1.306498572
,芎帰調血飲,3.581882809999996,19.287930931,1.9204185129999989,3.7803852979999997,19.457103523,16.027030941,13.696236442,0.36398814399999996,0.9633589410000005,-0.937572549,20.555086909999996,20.015551200999997,0.16050098299999993,5.358617127,2.2822775149999988,-0.81109521,14.064397071999998,-3.4679182590000006,11.940847962999998,14.340837836999999,1.007547551,-2.6535935230000005,-2.1327984040000003,15.554198296
,芎帰調血飲第一加減,-6.0314659560000035,-1.2673349929999997,-1.5506285739999996,-1.352282336,-2.135495787,-7.052827508000003,-1.436655059,-3.040874123000001,-5.0858866659999995,-0.937572549,-10.509440466,-7.0908772340000015,-5.614523189000001,-4.283497233,-6.473817481000001,-0.81109521,-4.049565253,-3.4679182590000006,-3.192043538000001,-2.312253511,-3.247276774000001,-2.6535935230000005,-6.915449313000002,-1.306498572
,苓桂甘棗湯,-6.0314659560000035,-1.2673349929999997,-1.5506285739999996,-1.352282336,-2.135495787,-7.052827508000003,-1.436655059,-3.040874123000001,-5.0858866659999995,-0.937572549,-10.509440466,-7.0908772340000015,-5.614523189000001,-4.283497233,-6.473817481000001,-0.81109521,-4.049565253,-3.4679182590000006,-3.192043538000001,-2.312253511,-3.247276774000001,-2.6535935230000005,-6.915449313000002,-1.306498572
,苦参湯,-6.0314659560000035,-1.2673349929999997,-1.5506285739999996,-1.352282336,-2.135495787,-7.052827508000003,-1.436655059,-3.040874123000001,-5.0858866659999995,-0.937572549,-10.509440466,-7.0908772340000015,-5.614523189000001,-4.283497233,-6.473817481000001,-0.81109521,-4.049565253,-3.4679182590000006,-3.192043538000001,-2.312253511,-3.247276774000001,-2.6535935230000005,-6.915449313000002,-1.306498572
,茯苓沢瀉湯,-6.0314659560000035,-1.2673349929999997,-1.5506285739999996,-1.352282336,-2.135495787,-7.052827508000003,-1.436655059,-3.040874123000001,-5.0858866659999995,-0.937572549,-10.509440466,-7.0908772340000015,-5.614523189000001,-4.283497233,-6.473817481000001,-0.81109521,-4.049565253,-3.4679182590000006,-3.192043538000001,-2.312253511,-3.247276774000001,-2.6535935230000005,-6.915449313000002,-1.306498572
,茯苓飲加半夏,-6.0314659560000035,-1.2673349929999997,-1.5506285739999996,-1.352282336,-2.135495787,-7.052827508000003,-1.436655059,-3.040874123000001,-5.0858866659999995,-0.937572549,-10.509440466,-7.0908772340000015,-5.614523189000001,-4.283497233,-6.473817481000001,-0.81109521,-4.049565253,-3.4679182590000006,-3.192043538000001,-2.312253511,-3.247276774000001,-2.6535935230000005,-6.915449313000002,-1.306498572
,荊防敗毒散,-6.0314659560000035,-1.2673349929999997,-1.5506285739999996,-1.352282336,-2.135495787,-7.052827508000003,-1.436655059,-3.040874123000001,-5.0858866659999995,-0.937572549,-10.509440466,-7.0908772340000015,-5.614523189000001,-4.283497233,-6.473817481000001,-0.81109521,-4.049565253,-3.4679182590000006,-3.192043538000001,-2.312253511,-3.247276774000001,-2.6535935230000005,-6.915449313000002,-1.306498572
,葛根加朮附湯,-1.5299524839999998,-1.2673349929999997,-1.5506285739999996,-1.352282336,-2.135495787,3.176055265999998,0.06521139600000003,4.850646789999999,-1.3788744259999999,-0.937572549,4.10556753,-1.8892829520000003,0.3090079950000007,-2.7838869250000005,0.9497504120000011,-0.81109521,3.8401259139999997,1.7409604359999997,5.720512085,4.275068395,0.4542807989999997,-1.2934837039999998,0.4970696010000019,-1.306498572
,葛根紅花湯,-6.0314659560000035,-1.2673349929999997,-1.5506285739999996,-1.352282336,-2.135495787,-7.052827508000003,-1.436655059,-3.040874123000001,-5.0858866659999995,-0.937572549,-10.509440466,-7.0908772340000015,-5.614523189000001,-4.283497233,-6.473817481000001,-0.81109521,-4.049565253,-3.4679182590000006,-3.192043538000001,-2.312253511,-3.247276774000001,-2.6535935230000005,-6.915449313000002,-1.306498572
,葛根黄連黄芩湯,-6.0314659560000035,-1.2673349929999997,-1.5506285739999996,-1.352282336,-2.135495787,-7.052827508000003,-1.436655059,-3.040874123000001,-5.0858866659999995,-0.937572549,-10.509440466,-7.0908772340000015,-5.614523189000001,-4.283497233,-6.473817481000001,-0.81109521,-4.049565253,-3.4679182590000006,-3.192043538000001,-2.312253511,-3.247276774000001,-2.6535935230000005,-6.915449313000002,-1.306498572
,藿香正気散,-6.0314659560000035,-1.2673349929999997,-1.5506285739999996,-1.352282336,-2.135495787,-7.052827508000003,-1.436655059,-3.040874123000001,-5.0858866659999995,-0.937572549,-10.509440466,-7.0908772340000015,-5.614523189000001,-4.283497233,-6.473817481000001,-0.81109521,-4.049565253,-3.4679182590000006,-3.192043538000001,-2.312253511,-3.247276774000001,-2.6535935230000005,-6.915449313000002,-1.306498572
,蘇子降気湯,-6.0314659560000035,-1.2673349929999997,-1.5506285739999996,-1.352282336,-2.135495787,-7.052827508000003,-1.436655059,-3.040874123000001,-5.0858866659999995,-0.937572549,-10.509440466,-7.0908772340000015,-5.614523189000001,-4.283497233,-6.473817481000001,-0.81109521,-4.049565253,-3.4679182590000006,-3.192043538000001,-2.312253511,-3.247276774000001,-2.6535935230000005,-6.915449313000002,-1.306498572
,蛇床子湯,-6.0314659560000035,-1.2673349929999997,-1.5506285739999996,-1.352282336,-2.135495787,-7.052827508000003,-1.436655059,-3.040874123000001,-5.0858866659999995,-0.937572549,-10.509440466,-7.0908772340000015,-5.614523189000001,-4.283497233,-6.473817481000001,-0.81109521,-4.049565253,-3.4679182590000006,-3.192043538000001,-2.312253511,-3.247276774000001,-2.6535935230000005,-6.915449313000002,-1.306498572
,補気建中湯,-6.0314659560000035,-1.2673349929999997,-1.5506285739999996,-1.352282336,-2.135495787,-7.052827508000003,-1.436655059,-3.040874123000001,-5.0858866659999995,-0.937572549,-10.509440466,-7.0908772340000015,-5.614523189000001,-4.283497233,-6.473817481000001,-0.81109521,-4.049565253,-3.4679182590000006,-3.192043538000001,-2.312253511,-3.247276774000001,-2.6535935230000005,-6.915449313000002,-1.306498572
,補肺湯,-6.0314659560000035,-1.2673349929999997,-1.5506285739999996,-1.352282336,-2.135495787,-7.052827508000003,-1.436655059,-3.040874123000001,-5.0858866659999995,-0.937572549,-10.509440466,-7.0908772340000015,-5.614523189000001,-4.283497233,-6.473817481000001,-0.81109521,-4.049565253,-3.4679182590000006,-3.192043538000001,-2.312253511,-3.247276774000001,-2.6535935230000005,-6.915449313000002,-1.306498572
,逍遙散,-6.0314659560000035,-1.2673349929999997,-1.5506285739999996,-1.352282336,-2.135495787,-7.052827508000003,-1.436655059,-3.040874123000001,-5.0858866659999995,-0.937572549,-10.509440466,-7.0908772340000015,-5.614523189000001,-4.283497233,-6.473817481000001,-0.81109521,-4.049565253,-3.4679182590000006,-3.192043538000001,-2.312253511,-3.247276774000001,-2.6535935230000005,-6.915449313000002,-1.306498572
,銭氏白朮散,-6.0314659560000035,-1.2673349929999997,-1.5506285739999996,-1.352282336,-2.135495787,-7.052827508000003,-1.436655059,-3.040874123000001,-5.0858866659999995,-0.937572549,-10.509440466,-7.0908772340000015,-5.614523189000001,-4.283497233,-6.473817481000001,-0.81109521,-4.049565253,-3.4679182590000006,-3.192043538000001,-2.312253511,-3.247276774000001,-2.6535935230000005,-6.915449313000002,-1.306498572
,防已茯苓湯,-6.0314659560000035,-1.2673349929999997,-1.5506285739999996,-1.352282336,-2.135495787,-7.052827508000003,-1.436655059,-3.040874123000001,-5.0858866659999995,-0.937572549,-10.509440466,-7.0908772340000015,-5.614523189000001,-4.283497233,-6.473817481000001,-0.81109521,-4.049565253,-3.4679182590000006,-3.192043538000001,-2.312253511,-3.247276774000001,-2.6535935230000005,-6.915449313000002,-1.306498572
,附子人参湯,-1.3961606569999994,-1.2673349929999997,-1.5506285739999996,-1.352282336,-2.135495787,0.9577879549999999,-1.436655059,4.915789095999998,-5.0858866659999995,-0.937572549,1.9484934239999985,0.47154664500000004,-1.1672047620000001,-4.283497233,0.9545717700000012,-0.81109521,5.615284684999999,-1.8136837839999995,-3.192043538000001,-0.792053664,1.3340762810000002,-2.6535935230000005,-6.915449313000002,-1.306498572
,響声破笛丸,-6.0314659560000035,-1.2673349929999997,-1.5506285739999996,-1.352282336,-2.135495787,-7.052827508000003,-1.436655059,-3.040874123000001,-5.0858866659999995,-0.937572549,-10.509440466,-7.0908772340000015,-5.614523189000001,-4.283497233,-6.473817481000001,-0.81109521,-4.049565253,-3.4679182590000006,-3.192043538000001,-2.312253511,-3.247276774000001,-2.6535935230000005,-6.915449313000002,-1.306498572
,香砂六君子湯,-6.0314659560000035,-1.2673349929999997,-1.5506285739999996,-1.352282336,-2.135495787,-7.052827508000003,-1.436655059,-3.040874123000001,-5.0858866659999995,-0.937572549,-10.509440466,-7.0908772340000015,-5.614523189000001,-4.283497233,-6.473817481000001,-0.81109521,-4.049565253,-3.4679182590000006,-3.192043538000001,-2.312253511,-3.247276774000001,-2.6535935230000005,-6.915449313000002,-1.306498572
,香砂平胃散,-6.0314659560000035,-1.2673349929999997,-1.5506285739999996,-1.352282336,-2.135495787,-7.052827508000003,-1.436655059,-3.040874123000001,-5.0858866659999995,-0.937572549,-10.509440466,-7.0908772340000015,-5.614523189000001,-4.283497233,-6.473817481000001,-0.81109521,-4.049565253,-3.4679182590000006,-3.192043538000001,-2.312253511,-3.247276774000001,-2.6535935230000005,-6.915449313000002,-1.306498572
,香砂養胃湯,-6.0314659560000035,-1.2673349929999997,-1.5506285739999996,-1.352282336,-2.135495787,-7.052827508000003,-1.436655059,-3.040874123000001,-5.0858866659999995,-0.937572549,-10.509440466,-7.0908772340000015,-5.614523189000001,-4.283497233,-6.473817481000001,-0.81109521,-4.049565253,-3.4679182590000006,-3.192043538000001,-2.312253511,-3.247276774000001,-2.6535935230000005,-6.915449313000002,-1.306498572
,駆風解毒散,-6.0314659560000035,-1.2673349929999997,-1.5506285739999996,-1.352282336,-2.135495787,-7.052827508000003,-1.436655059,-3.040874123000001,-5.0858866659999995,-0.937572549,-10.509440466,-7.0908772340000015,-5.614523189000001,-4.283497233,-6.473817481000001,-0.81109521,-4.049565253,-3.4679182590000006,-3.192043538000001,-2.312253511,-3.247276774000001,-2.6535935230000005,-6.915449313000002,-1.306498572
,鶏肝丸,-6.0314659560000035,-1.2673349929999997,-1.5506285739999996,-1.352282336,-2.135495787,-7.052827508000003,-1.436655059,-3.040874123000001,-5.0858866659999995,-0.937572549,-10.509440466,-7.0908772340000015,-5.614523189000001,-4.283497233,-6.473817481000001,-0.81109521,-4.049565253,-3.4679182590000006,-3.192043538000001,-2.312253511,-3.247276774000001,-2.6535935230000005,-6.915449313000002,-1.306498572
,鶏鳴散加茯苓,-6.0314659560000035,-1.2673349929999997,-1.5506285739999996,-1.352282336,-2.135495787,-7.052827508000003,-1.436655059,-3.040874123000001,-5.0858866659999995,-0.937572549,-10.509440466,-7.0908772340000015,-5.614523189000001,-4.283497233,-6.473817481000001,-0.81109521,-4.049565253,-3.4679182590000006,-3.192043538000001,-2.312253511,-3.247276774000001,-2.6535935230000005,-6.915449313000002,-1.306498572
,鷓鴣菜湯,-6.0314659560000035,-1.2673349929999997,-1.5506285739999996,-1.352282336,-2.135495787,-7.052827508000003,-1.436655059,-3.040874123000001,-5.0858866659999995,-0.937572549,-10.509440466,-7.0908772340000015,-5.614523189000001,-4.283497233,-6.473817481000001,-0.81109521,-4.049565253,-3.4679182590000006,-3.192043538000001,-2.312253511,-3.247276774000001,-2.6535935230000005,-6.915449313000002,-1.306498572
,黄芩湯,-4.531855648000002,-1.2673349929999997,-1.5506285739999996,-1.352282336,-2.135495787,-3.644745567000001,-1.436655059,-1.6807643039999998,-3.1774150329999995,-0.937572549,-6.129520492000004,-5.182405601000002,-4.094323342000001,-2.7838869250000005,-4.953617634000001,-0.81109521,-0.7809838010000001,-3.4679182590000006,-3.192043538000001,0.5680561550000003,-3.247276774000001,-1.2934837039999998,-5.006977680000001,-1.306498572
,黄連阿膠湯,-6.0314659560000035,-1.2673349929999997,-1.5506285739999996,-1.352282336,-2.135495787,-7.052827508000003,-1.436655059,-3.040874123000001,-5.0858866659999995,-0.937572549,-10.509440466,-7.0908772340000015,-5.614523189000001,-4.283497233,-6.473817481000001,-0.81109521,-4.049565253,-3.4679182590000006,-3.192043538000001,-2.312253511,-3.247276774000001,-2.6535935230000005,-6.915449313000002,-1.306498572
